,date,Snow water equivalent
16754,2017-10-01 10:00:00+00:00,0.0
16755,2017-10-02 10:00:00+00:00,0.0
16756,2017-10-03 10:00:00+00:00,0.0
16757,2017-10-04 10:00:00+00:00,0.0
16758,2017-10-05 10:00:00+00:00,0.0
16759,2017-10-06 10:00:00+00:00,0.0
16760,2017-10-07 10:00:00+00:00,0.0
16761,2017-10-08 10:00:00+00:00,0.0
16762,2017-10-09 10:00:00+00:00,0.0
16763,2017-10-10 10:00:00+00:00,0.0
16764,2017-10-11 10:00:00+00:00,0.0
16765,2017-10-12 10:00:00+00:00,0.0
16766,2017-10-13 10:00:00+00:00,0.0
16767,2017-10-14 08:00:00+00:00,0.0
16768,2017-10-15 10:00:00+00:00,0.0
16769,2017-10-16 10:00:00+00:00,0.0
16770,2017-10-17 10:00:00+00:00,0.0
16771,2017-10-18 10:00:00+00:00,0.0
16772,2017-10-19 10:00:00+00:00,0.0
16773,2017-10-20 10:00:00+00:00,0.0
16774,2017-10-21 10:00:00+00:00,0.0
16775,2017-10-22 10:00:00+00:00,0.0
16776,2017-10-23 10:00:00+00:00,0.0
16777,2017-10-24 10:00:00+00:00,0.0
16778,2017-10-25 10:00:00+00:00,0.0
16779,2017-10-26 10:00:00+00:00,0.0
16780,2017-10-27 10:00:00+00:00,0.0
16781,2017-10-28 10:00:00+00:00,0.0
16782,2017-10-29 10:00:00+00:00,0.0
16783,2017-10-30 08:00:00+00:00,0.0
16784,2017-10-31 10:00:00+00:00,0.0
16785,2017-11-01 10:00:00+00:00,0.0
16786,2017-11-02 10:00:00+00:00,0.0
16787,2017-11-03 10:00:00+00:00,0.0
16788,2017-11-04 10:00:00+00:00,0.0
16789,2017-11-05 10:00:00+00:00,0.0
16790,2017-11-06 10:00:00+00:00,0.02
16791,2017-11-07 10:00:00+00:00,0.17
16792,2017-11-08 10:00:00+00:00,0.33
16793,2017-11-09 10:00:00+00:00,0.27
16794,2017-11-10 10:00:00+00:00,0.32
16795,2017-11-11 10:00:00+00:00,0.35
16796,2017-11-12 10:00:00+00:00,0.35
16797,2017-11-13 10:00:00+00:00,0.38
16798,2017-11-14 10:00:00+00:00,0.31
16799,2017-11-15 10:00:00+00:00,0.34
16800,2017-11-16 10:00:00+00:00,0.05
16801,2017-11-17 10:00:00+00:00,0.63
16802,2017-11-18 10:00:00+00:00,0.52
16803,2017-11-19 11:00:00+00:00,0.91
16804,2017-11-20 10:00:00+00:00,1.08
16805,2017-11-21 10:00:00+00:00,1.47
16806,2017-11-22 10:00:00+00:00,1.66
16807,2017-11-23 10:00:00+00:00,1.44
16808,2017-11-24 10:00:00+00:00,0.91
16809,2017-11-25 10:00:00+00:00,0.52
16810,2017-11-26 10:00:00+00:00,0.4
16811,2017-11-27 10:00:00+00:00,0.37
16812,2017-11-28 10:00:00+00:00,0.57
16813,2017-11-29 10:00:00+00:00,0.84
16814,2017-11-30 10:00:00+00:00,2.94
16815,2017-12-01 10:00:00+00:00,2.04
16816,2017-12-02 10:00:00+00:00,1.92
16817,2017-12-03 10:00:00+00:00,2.29
16818,2017-12-04 10:00:00+00:00,3.38
16819,2017-12-05 10:00:00+00:00,4.07
16820,2017-12-06 10:00:00+00:00,3.26
16821,2017-12-07 10:00:00+00:00,2.86
16822,2017-12-08 10:00:00+00:00,2.51
16823,2017-12-09 10:00:00+00:00,2.12
16824,2017-12-10 10:00:00+00:00,2.0
16825,2017-12-11 10:00:00+00:00,1.6
16826,2017-12-12 10:00:00+00:00,1.48
16827,2017-12-13 10:00:00+00:00,1.42
16828,2017-12-14 10:00:00+00:00,1.33
16829,2017-12-15 12:00:00+00:00,1.35
16830,2017-12-16 11:00:00+00:00,1.29
16832,2017-12-18 12:00:00+00:00,1.35
16833,2017-12-19 12:00:00+00:00,1.35
16834,2017-12-20 12:00:00+00:00,1.28
16835,2017-12-21 12:00:00+00:00,1.39
16836,2017-12-22 12:00:00+00:00,1.38
16837,2017-12-23 12:00:00+00:00,1.75
16838,2017-12-24 12:00:00+00:00,1.46
16839,2017-12-25 12:00:00+00:00,1.36
16840,2017-12-26 12:00:00+00:00,1.26
16841,2017-12-27 10:00:00+00:00,1.22
16842,2017-12-28 12:00:00+00:00,1.24
16843,2017-12-29 12:00:00+00:00,1.2
16844,2017-12-30 12:00:00+00:00,1.2
16845,2017-12-31 12:00:00+00:00,1.14
16846,2018-01-01 12:00:00+00:00,1.14
16847,2018-01-02 12:00:00+00:00,1.1
16848,2018-01-03 12:00:00+00:00,1.2
16849,2018-01-04 12:00:00+00:00,1.1
16850,2018-01-05 12:00:00+00:00,1.25
16851,2018-01-06 12:00:00+00:00,1.24
16852,2018-01-07 12:00:00+00:00,1.46
16853,2018-01-08 12:00:00+00:00,1.17
16854,2018-01-09 12:00:00+00:00,1.5
16855,2018-01-10 12:00:00+00:00,2.2
16856,2018-01-11 12:00:00+00:00,2.35
16857,2018-01-12 12:00:00+00:00,2.6
16858,2018-01-13 12:00:00+00:00,2.62
16859,2018-01-14 12:00:00+00:00,2.62
16860,2018-01-15 12:00:00+00:00,2.62
16861,2018-01-16 12:00:00+00:00,2.62
16862,2018-01-17 12:00:00+00:00,2.61
16863,2018-01-18 12:00:00+00:00,2.62
16864,2018-01-19 12:00:00+00:00,2.49
16865,2018-01-20 12:00:00+00:00,2.65
16866,2018-01-21 12:00:00+00:00,2.92
16867,2018-01-22 12:00:00+00:00,2.85
16868,2018-01-23 12:00:00+00:00,2.91
16869,2018-01-24 12:00:00+00:00,3.01
16870,2018-01-25 12:00:00+00:00,2.8
16871,2018-01-26 12:00:00+00:00,2.97
16872,2018-01-27 12:00:00+00:00,3.1
16873,2018-01-28 12:00:00+00:00,2.55
16874,2018-01-29 12:00:00+00:00,2.59
16875,2018-01-30 12:00:00+00:00,2.47
16876,2018-01-31 12:00:00+00:00,2.87
16877,2018-02-01 12:00:00+00:00,2.86
16878,2018-02-02 12:00:00+00:00,2.29
16879,2018-02-03 12:00:00+00:00,2.63
16880,2018-02-04 12:00:00+00:00,2.71
16881,2018-02-05 12:00:00+00:00,2.63
16882,2018-02-06 12:00:00+00:00,2.58
16883,2018-02-07 12:00:00+00:00,2.5
16884,2018-02-08 12:00:00+00:00,2.51
16885,2018-02-09 12:00:00+00:00,2.51
16886,2018-02-10 12:00:00+00:00,2.41
16887,2018-02-11 12:00:00+00:00,1.96
16888,2018-02-12 12:00:00+00:00,1.7
16889,2018-02-13 12:00:00+00:00,1.81
16890,2018-02-14 12:00:00+00:00,1.77
16891,2018-02-15 12:00:00+00:00,2.22
16892,2018-02-16 10:00:00+00:00,1.96
16893,2018-02-17 10:00:00+00:00,2.04
16894,2018-02-18 10:00:00+00:00,2.59
16895,2018-02-19 10:00:00+00:00,1.98
16896,2018-02-20 10:00:00+00:00,2.27
16897,2018-02-21 10:00:00+00:00,2.58
16898,2018-02-22 10:00:00+00:00,2.76
16899,2018-02-23 10:00:00+00:00,2.45
16900,2018-02-24 10:00:00+00:00,2.45
16901,2018-02-25 10:00:00+00:00,2.6
16902,2018-02-26 10:00:00+00:00,2.85
16903,2018-02-27 10:00:00+00:00,2.53
16904,2018-02-28 10:00:00+00:00,2.75
16905,2018-03-01 10:00:00+00:00,2.72
16906,2018-03-02 10:00:00+00:00,2.72
16907,2018-03-03 10:00:00+00:00,3.08
16908,2018-03-04 10:00:00+00:00,3.52
16909,2018-03-05 10:00:00+00:00,3.67
16910,2018-03-06 10:00:00+00:00,3.73
16911,2018-03-07 10:00:00+00:00,3.77
16912,2018-03-08 10:00:00+00:00,3.8
16913,2018-03-09 10:00:00+00:00,4.6
16914,2018-03-10 10:00:00+00:00,5.04
16915,2018-03-11 10:00:00+00:00,5.54
16916,2018-03-12 10:00:00+00:00,5.75
16917,2018-03-13 10:00:00+00:00,5.99
16918,2018-03-14 12:00:00+00:00,6.4
16919,2018-03-15 12:00:00+00:00,7.17
16920,2018-03-16 12:00:00+00:00,7.44
16921,2018-03-17 12:00:00+00:00,8.45
16922,2018-03-18 12:00:00+00:00,8.89
16923,2018-03-19 12:00:00+00:00,9.04
16924,2018-03-20 12:00:00+00:00,9.15
16926,2018-03-22 12:00:00+00:00,10.74
16927,2018-03-23 10:00:00+00:00,12.57
16928,2018-03-24 11:00:00+00:00,12.82
16929,2018-03-25 12:00:00+00:00,12.96
16930,2018-03-26 10:00:00+00:00,13.01
16931,2018-03-27 10:00:00+00:00,13.02
16932,2018-03-28 10:00:00+00:00,13.06
16933,2018-03-29 12:00:00+00:00,13.06
16934,2018-03-30 10:00:00+00:00,13.05
16935,2018-03-31 10:00:00+00:00,12.9
16939,2018-04-04 10:00:00+00:00,12.07
16940,2018-04-05 09:00:00+00:00,11.77
16941,2018-04-06 10:00:00+00:00,11.5
16942,2018-04-07 08:00:00+00:00,10.95
16943,2018-04-08 10:00:00+00:00,10.07
16944,2018-04-09 07:00:00+00:00,9.58
16945,2018-04-10 09:00:00+00:00,8.88
16946,2018-04-11 12:00:00+00:00,8.3
16947,2018-04-12 12:00:00+00:00,7.7
16948,2018-04-13 12:00:00+00:00,7.58
16949,2018-04-14 12:00:00+00:00,7.31
16950,2018-04-15 12:00:00+00:00,6.7
16951,2018-04-16 11:00:00+00:00,6.19
16952,2018-04-17 11:00:00+00:00,6.06
16953,2018-04-18 12:00:00+00:00,6.08
16954,2018-04-19 12:00:00+00:00,6.21
16955,2018-04-20 10:00:00+00:00,6.32
16956,2018-04-21 10:00:00+00:00,6.82
16957,2018-04-22 10:00:00+00:00,6.64
16958,2018-04-23 10:00:00+00:00,5.95
16959,2018-04-24 10:00:00+00:00,5.22
16960,2018-04-25 10:00:00+00:00,4.38
16961,2018-04-26 10:00:00+00:00,3.45
16962,2018-04-27 10:00:00+00:00,1.64
16963,2018-04-28 10:00:00+00:00,1.41
16964,2018-04-29 10:00:00+00:00,1.4
16965,2018-04-30 10:00:00+00:00,1.21
16966,2018-05-01 10:00:00+00:00,0.1
16967,2018-05-02 10:00:00+00:00,1.24
16968,2018-05-03 10:00:00+00:00,1.47
16969,2018-05-04 10:00:00+00:00,0.99
16970,2018-05-05 10:00:00+00:00,0.36
16971,2018-05-06 10:00:00+00:00,0.0
16972,2018-05-07 10:00:00+00:00,0.0
16973,2018-05-08 10:00:00+00:00,0.0
16974,2018-05-09 10:00:00+00:00,0.0
16975,2018-05-10 10:00:00+00:00,0.0
16976,2018-05-11 10:00:00+00:00,0.0
16977,2018-05-12 09:00:00+00:00,0.0
16978,2018-05-13 10:00:00+00:00,0.0
16979,2018-05-14 10:00:00+00:00,0.0
16980,2018-05-15 10:00:00+00:00,0.0
16981,2018-05-16 10:00:00+00:00,0.0
16982,2018-05-17 10:00:00+00:00,0.0
16983,2018-05-18 10:00:00+00:00,0.0
16984,2018-05-19 10:00:00+00:00,0.0
16985,2018-05-20 10:00:00+00:00,0.0
16986,2018-05-21 10:00:00+00:00,0.0
16987,2018-05-22 10:00:00+00:00,0.0
16988,2018-05-23 10:00:00+00:00,0.03
16989,2018-05-24 10:00:00+00:00,0.0
16990,2018-05-25 10:00:00+00:00,0.0
16991,2018-05-26 10:00:00+00:00,0.0
16992,2018-05-27 10:00:00+00:00,0.0
16993,2018-05-28 10:00:00+00:00,0.03
16994,2018-05-29 10:00:00+00:00,0.0
16995,2018-05-30 10:00:00+00:00,0.0
16996,2018-05-31 10:00:00+00:00,0.0
16997,2018-06-01 10:00:00+00:00,0.0
16998,2018-06-02 10:00:00+00:00,0.0
16999,2018-06-03 10:00:00+00:00,0.0
17000,2018-06-04 10:00:00+00:00,0.0
17001,2018-06-05 10:00:00+00:00,0.0
17002,2018-06-06 10:00:00+00:00,0.0
17003,2018-06-07 10:00:00+00:00,0.0
17004,2018-06-08 10:00:00+00:00,0.0
17005,2018-06-09 10:00:00+00:00,0.02
17006,2018-06-10 10:00:00+00:00,0.01
17007,2018-06-11 10:00:00+00:00,0.01
17008,2018-06-12 10:00:00+00:00,0.03
17009,2018-06-13 10:00:00+00:00,0.03
17010,2018-06-14 10:00:00+00:00,0.04
17011,2018-06-15 10:00:00+00:00,0.04
17012,2018-06-16 10:00:00+00:00,0.04
17013,2018-06-17 10:00:00+00:00,0.04
17014,2018-06-18 10:00:00+00:00,0.04
17015,2018-06-19 10:00:00+00:00,0.04
17016,2018-06-20 10:00:00+00:00,0.04
17017,2018-06-21 10:00:00+00:00,0.04
17018,2018-06-22 10:00:00+00:00,0.04
17019,2018-06-23 10:00:00+00:00,0.04
17020,2018-06-24 10:00:00+00:00,0.05
17021,2018-06-25 10:00:00+00:00,0.05
17022,2018-06-26 10:00:00+00:00,0.05
17023,2018-06-27 10:00:00+00:00,0.05
17024,2018-06-28 10:00:00+00:00,0.06
17026,2018-06-30 10:00:00+00:00,0.06
17027,2018-07-01 10:00:00+00:00,0.05
17028,2018-07-02 10:00:00+00:00,0.06
17029,2018-07-03 10:00:00+00:00,0.0
17030,2018-07-04 10:00:00+00:00,0.0
17031,2018-07-05 10:00:00+00:00,0.0
17032,2018-07-06 10:00:00+00:00,0.0
17033,2018-07-07 10:00:00+00:00,0.0
17034,2018-07-08 10:00:00+00:00,0.0
17035,2018-07-09 10:00:00+00:00,0.0
17036,2018-07-10 10:00:00+00:00,0.0
17037,2018-07-11 10:00:00+00:00,0.0
17038,2018-07-12 10:00:00+00:00,0.04
17039,2018-07-13 10:00:00+00:00,0.03
17040,2018-07-14 10:00:00+00:00,0.0
17041,2018-07-15 10:00:00+00:00,0.0
17042,2018-07-16 10:00:00+00:00,0.0
17043,2018-07-17 10:00:00+00:00,0.0
17044,2018-07-18 10:00:00+00:00,0.0
17045,2018-07-19 10:00:00+00:00,0.0
17046,2018-07-20 10:00:00+00:00,0.0
17047,2018-07-21 10:00:00+00:00,0.0
17048,2018-07-22 10:00:00+00:00,0.0
17049,2018-07-23 10:00:00+00:00,0.0
17050,2018-07-24 10:00:00+00:00,0.0
17051,2018-07-25 10:00:00+00:00,0.0
17052,2018-07-26 10:00:00+00:00,0.0
17053,2018-07-27 10:00:00+00:00,0.0
17054,2018-07-28 10:00:00+00:00,0.0
17055,2018-07-29 10:00:00+00:00,0.0
17056,2018-07-30 10:00:00+00:00,0.0
17057,2018-07-31 10:00:00+00:00,0.0
17058,2018-08-01 10:00:00+00:00,0.0
17059,2018-08-02 10:00:00+00:00,0.0
17060,2018-08-03 10:00:00+00:00,0.0
17061,2018-08-04 10:00:00+00:00,0.0
17062,2018-08-05 10:00:00+00:00,0.0
17063,2018-08-06 10:00:00+00:00,0.0
17064,2018-08-07 10:00:00+00:00,0.0
17065,2018-08-08 08:00:00+00:00,0.01
17066,2018-08-09 10:00:00+00:00,0.01
17067,2018-08-10 10:00:00+00:00,0.01
17068,2018-08-11 08:00:00+00:00,0.01
17069,2018-08-12 06:00:00+00:00,0.46
17070,2018-08-13 10:00:00+00:00,0.38
17071,2018-08-14 10:00:00+00:00,0.23
17072,2018-08-15 10:00:00+00:00,0.03
17073,2018-08-16 10:00:00+00:00,0.28
17074,2018-08-17 10:00:00+00:00,0.38
17075,2018-08-18 10:00:00+00:00,0.36
17076,2018-08-19 09:00:00+00:00,0.34
17077,2018-08-20 10:00:00+00:00,0.34
17078,2018-08-21 10:00:00+00:00,0.34
17079,2018-08-22 11:00:00+00:00,0.35
17080,2018-08-23 10:00:00+00:00,0.33
17081,2018-08-24 10:00:00+00:00,0.35
17082,2018-08-25 09:00:00+00:00,0.35
17083,2018-08-26 11:00:00+00:00,0.35
17084,2018-08-27 09:00:00+00:00,0.35
17085,2018-08-28 09:00:00+00:00,0.16
17086,2018-08-29 10:00:00+00:00,0.2
17087,2018-08-30 10:00:00+00:00,0.21
17088,2018-08-31 10:00:00+00:00,0.22
17089,2018-09-01 10:00:00+00:00,0.22
17090,2018-09-02 08:00:00+00:00,0.24
17091,2018-09-03 10:00:00+00:00,0.25
17092,2018-09-04 10:00:00+00:00,0.26
17093,2018-09-05 09:00:00+00:00,0.35
17094,2018-09-06 10:00:00+00:00,0.35
17095,2018-09-07 10:00:00+00:00,0.33
17096,2018-09-08 14:00:00+00:00,0.3
17097,2018-09-09 14:00:00+00:00,0.3
17098,2018-09-10 10:00:00+00:00,0.3
17099,2018-09-11 10:00:00+00:00,0.3
17100,2018-09-12 10:00:00+00:00,0.3
17101,2018-09-13 12:00:00+00:00,0.3
17102,2018-09-14 12:00:00+00:00,0.28
17103,2018-09-15 11:00:00+00:00,0.29
17106,2018-09-18 11:00:00+00:00,0.29
17107,2018-09-19 12:00:00+00:00,0.28
17108,2018-09-20 12:00:00+00:00,0.31
17109,2018-09-21 12:00:00+00:00,0.29
17110,2018-09-22 12:00:00+00:00,0.24
17111,2018-09-23 12:00:00+00:00,0.24
17112,2018-09-24 12:00:00+00:00,0.25
17113,2018-09-25 12:00:00+00:00,0.24
17114,2018-09-26 12:00:00+00:00,0.25
17115,2018-09-27 12:00:00+00:00,0.25
17116,2018-09-28 12:00:00+00:00,0.26
17117,2018-09-29 12:00:00+00:00,0.26
17118,2018-09-30 12:00:00+00:00,0.25
17119,2018-10-01 12:00:00+00:00,0.24
17120,2018-10-02 12:00:00+00:00,0.25
17121,2018-10-03 12:00:00+00:00,0.32
17122,2018-10-04 12:00:00+00:00,0.35
17123,2018-10-05 12:00:00+00:00,0.33
17124,2018-10-06 12:00:00+00:00,0.31
17125,2018-10-07 12:00:00+00:00,0.32
17126,2018-10-08 12:00:00+00:00,0.33
17127,2018-10-09 12:00:00+00:00,0.33
17128,2018-10-10 12:00:00+00:00,0.32
17129,2018-10-11 12:00:00+00:00,0.32
17131,2018-10-13 12:00:00+00:00,0.3
17132,2018-10-14 12:00:00+00:00,0.29
17133,2018-10-15 12:00:00+00:00,0.28
17134,2018-10-16 12:00:00+00:00,0.28
17135,2018-10-17 12:00:00+00:00,0.3
17136,2018-10-18 12:00:00+00:00,0.28
17137,2018-10-19 12:00:00+00:00,0.29
17138,2018-10-20 12:00:00+00:00,0.33
17139,2018-10-21 12:00:00+00:00,0.29
17140,2018-10-22 12:00:00+00:00,0.29
17141,2018-10-23 12:00:00+00:00,0.26
17142,2018-10-24 12:00:00+00:00,0.29
17143,2018-10-25 12:00:00+00:00,0.3
17144,2018-10-26 12:00:00+00:00,0.29
17145,2018-10-27 11:00:00+00:00,0.29
17146,2018-10-28 12:00:00+00:00,0.3
17147,2018-10-29 12:00:00+00:00,0.29
17148,2018-10-30 11:00:00+00:00,0.28
17149,2018-10-31 11:00:00+00:00,0.28
17150,2018-11-01 11:00:00+00:00,0.3
17151,2018-11-02 11:00:00+00:00,0.3
17152,2018-11-03 11:00:00+00:00,0.3
17153,2018-11-04 11:00:00+00:00,0.29
17154,2018-11-05 11:00:00+00:00,0.31
17155,2018-11-06 11:00:00+00:00,0.29
17157,2018-11-08 11:00:00+00:00,0.31
17158,2018-11-09 11:00:00+00:00,0.44
17159,2018-11-10 11:00:00+00:00,0.47
17161,2018-11-12 08:00:00+00:00,0.48
17162,2018-11-13 11:00:00+00:00,0.47
17163,2018-11-14 10:00:00+00:00,0.37
17164,2018-11-15 11:00:00+00:00,0.42
17165,2018-11-16 11:00:00+00:00,0.62
17166,2018-11-17 11:00:00+00:00,0.64
17167,2018-11-18 11:00:00+00:00,0.65
17168,2018-11-19 11:00:00+00:00,0.6
17169,2018-11-20 11:00:00+00:00,0.44
17170,2018-11-21 11:00:00+00:00,0.61
17171,2018-11-22 11:00:00+00:00,0.8
17172,2018-11-23 11:00:00+00:00,1.21
17173,2018-11-24 11:00:00+00:00,1.26
17174,2018-11-25 11:00:00+00:00,1.26
17175,2018-11-26 11:00:00+00:00,1.29
17176,2018-11-27 11:00:00+00:00,1.41
17177,2018-11-28 11:00:00+00:00,1.4
17178,2018-11-29 11:00:00+00:00,1.67
17179,2018-11-30 11:00:00+00:00,5.53
17180,2018-12-01 11:00:00+00:00,5.81
17181,2018-12-02 11:00:00+00:00,6.32
17182,2018-12-03 11:00:00+00:00,6.36
17183,2018-12-04 11:00:00+00:00,6.53
17184,2018-12-05 11:00:00+00:00,6.53
17185,2018-12-06 11:00:00+00:00,6.96
17186,2018-12-07 11:00:00+00:00,7.87
17187,2018-12-08 11:00:00+00:00,7.89
17188,2018-12-09 11:00:00+00:00,7.89
17189,2018-12-10 11:00:00+00:00,7.91
17190,2018-12-11 11:00:00+00:00,7.96
17191,2018-12-12 11:00:00+00:00,7.97
17192,2018-12-13 11:00:00+00:00,7.97
17193,2018-12-14 11:00:00+00:00,7.97
17194,2018-12-15 09:00:00+00:00,7.97
17195,2018-12-16 11:00:00+00:00,7.97
17196,2018-12-17 11:00:00+00:00,7.97
17197,2018-12-18 11:00:00+00:00,8.09
17198,2018-12-19 11:00:00+00:00,8.09
17199,2018-12-20 11:00:00+00:00,8.11
17200,2018-12-21 11:00:00+00:00,8.11
17201,2018-12-22 11:00:00+00:00,8.11
17202,2018-12-23 11:00:00+00:00,8.12
17203,2018-12-24 11:00:00+00:00,8.11
17204,2018-12-25 11:00:00+00:00,8.63
17205,2018-12-26 11:00:00+00:00,8.77
17206,2018-12-27 11:00:00+00:00,8.8
17207,2018-12-28 11:00:00+00:00,8.81
17208,2018-12-29 11:00:00+00:00,8.88
17209,2018-12-30 11:00:00+00:00,8.87
17210,2018-12-31 11:00:00+00:00,8.87
17211,2019-01-01 11:00:00+00:00,8.87
17212,2019-01-02 11:00:00+00:00,8.87
17213,2019-01-03 11:00:00+00:00,8.87
17214,2019-01-04 11:00:00+00:00,8.86
17215,2019-01-05 11:00:00+00:00,8.86
17216,2019-01-06 11:00:00+00:00,8.89
17217,2019-01-07 15:00:00+00:00,10.35
17218,2019-01-08 11:00:00+00:00,10.55
17219,2019-01-09 11:00:00+00:00,10.72
17220,2019-01-10 11:00:00+00:00,11.1
17221,2019-01-11 11:00:00+00:00,11.23
17222,2019-01-12 11:00:00+00:00,11.41
17223,2019-01-13 11:00:00+00:00,11.79
17224,2019-01-14 11:00:00+00:00,12.03
17225,2019-01-15 11:00:00+00:00,12.8
17226,2019-01-16 11:00:00+00:00,13.21
17227,2019-01-17 11:00:00+00:00,13.52
17228,2019-01-18 10:00:00+00:00,17.26
17229,2019-01-19 11:00:00+00:00,17.44
17230,2019-01-20 11:00:00+00:00,17.46
17231,2019-01-21 15:00:00+00:00,18.52
17232,2019-01-22 10:00:00+00:00,18.74
17233,2019-01-23 11:00:00+00:00,18.86
17234,2019-01-24 11:00:00+00:00,18.93
17235,2019-01-25 11:00:00+00:00,19.01
17236,2019-01-26 11:00:00+00:00,19.06
17237,2019-01-27 11:00:00+00:00,19.12
17238,2019-01-28 09:00:00+00:00,19.16
17239,2019-01-29 11:00:00+00:00,19.23
17240,2019-01-30 11:00:00+00:00,19.26
17241,2019-01-31 11:00:00+00:00,19.29
17242,2019-02-01 11:00:00+00:00,19.7
17243,2019-02-02 11:00:00+00:00,20.11
17244,2019-02-03 11:00:00+00:00,21.99
17245,2019-02-04 11:00:00+00:00,23.77
17246,2019-02-05 11:00:00+00:00,26.29
17247,2019-02-06 11:00:00+00:00,27.89
17250,2019-02-09 11:00:00+00:00,28.43
17251,2019-02-10 10:00:00+00:00,29.13
17252,2019-02-11 11:00:00+00:00,30.31
17253,2019-02-12 11:00:00+00:00,30.45
17254,2019-02-13 11:00:00+00:00,30.59
17255,2019-02-14 11:00:00+00:00,30.92
17256,2019-02-15 11:00:00+00:00,33.29
17257,2019-02-16 11:00:00+00:00,34.94
17258,2019-02-17 10:00:00+00:00,35.68
17259,2019-02-18 11:00:00+00:00,36.3
17260,2019-02-19 11:00:00+00:00,36.41
17261,2019-02-20 11:00:00+00:00,36.48
17262,2019-02-21 11:00:00+00:00,36.56
17263,2019-02-22 11:00:00+00:00,37.12
17264,2019-02-23 11:00:00+00:00,37.19
17265,2019-02-24 11:00:00+00:00,37.22
17266,2019-02-25 11:00:00+00:00,37.27
17267,2019-02-26 11:00:00+00:00,37.31
17268,2019-02-27 11:00:00+00:00,37.38
17269,2019-02-28 05:00:00+00:00,37.48
17270,2019-03-01 11:00:00+00:00,37.67
17271,2019-03-02 11:00:00+00:00,37.88
17272,2019-03-03 10:00:00+00:00,40.03
17273,2019-03-04 11:00:00+00:00,40.4
17274,2019-03-05 11:00:00+00:00,40.58
17275,2019-03-06 11:00:00+00:00,43.0
17276,2019-03-07 10:00:00+00:00,45.21
17277,2019-03-08 14:00:00+00:00,46.33
17278,2019-03-09 11:00:00+00:00,47.01
17279,2019-03-10 10:00:00+00:00,47.29
17280,2019-03-11 11:00:00+00:00,47.55
17281,2019-03-12 10:00:00+00:00,47.65
17282,2019-03-13 11:00:00+00:00,47.74
17283,2019-03-14 11:00:00+00:00,47.9
17284,2019-03-15 11:00:00+00:00,48.0
17285,2019-03-16 11:00:00+00:00,48.06
17286,2019-03-17 10:00:00+00:00,48.08
17287,2019-03-18 10:00:00+00:00,48.11
17288,2019-03-19 11:00:00+00:00,48.15
17289,2019-03-20 11:00:00+00:00,48.28
17290,2019-03-21 11:00:00+00:00,48.45
17291,2019-03-22 11:00:00+00:00,48.57
17292,2019-03-23 11:00:00+00:00,48.68
17293,2019-03-24 11:00:00+00:00,48.82
17294,2019-03-25 09:00:00+00:00,48.96
17295,2019-03-26 11:00:00+00:00,49.06
17296,2019-03-27 11:00:00+00:00,49.12
17297,2019-03-28 11:00:00+00:00,49.15
17298,2019-03-29 11:00:00+00:00,49.19
17299,2019-03-30 11:00:00+00:00,49.19
17300,2019-03-31 10:00:00+00:00,49.01
17302,2019-04-02 11:00:00+00:00,48.36
17303,2019-04-03 11:00:00+00:00,48.55
17304,2019-04-04 11:00:00+00:00,48.76
17305,2019-04-05 11:00:00+00:00,48.75
17306,2019-04-06 11:00:00+00:00,48.75
17307,2019-04-07 11:00:00+00:00,48.7
17308,2019-04-08 11:00:00+00:00,48.46
17309,2019-04-09 11:00:00+00:00,48.22
17310,2019-04-10 11:00:00+00:00,47.6
17311,2019-04-11 11:00:00+00:00,47.56
17312,2019-04-12 07:00:00+00:00,47.49
17313,2019-04-13 11:00:00+00:00,47.49
17314,2019-04-14 11:00:00+00:00,47.28
17315,2019-04-15 11:00:00+00:00,46.97
17316,2019-04-16 11:00:00+00:00,46.31
17317,2019-04-17 11:00:00+00:00,46.09
17318,2019-04-18 11:00:00+00:00,46.0
17319,2019-04-19 11:00:00+00:00,45.78
17320,2019-04-20 11:00:00+00:00,45.1
17321,2019-04-21 11:00:00+00:00,44.58
17322,2019-04-22 11:00:00+00:00,44.42
17323,2019-04-23 11:00:00+00:00,43.72
17324,2019-04-24 11:00:00+00:00,43.43
17325,2019-04-25 03:00:00+00:00,42.8
17326,2019-04-26 11:00:00+00:00,41.54
17327,2019-04-27 11:00:00+00:00,40.52
17328,2019-04-28 10:00:00+00:00,39.71
17329,2019-04-29 11:00:00+00:00,38.84
17330,2019-04-30 10:00:00+00:00,38.47
17332,2019-05-02 11:00:00+00:00,37.7
17333,2019-05-03 11:00:00+00:00,36.89
17334,2019-05-04 11:00:00+00:00,36.2
17335,2019-05-05 11:00:00+00:00,35.27
17336,2019-05-06 11:00:00+00:00,33.9
17337,2019-05-07 11:00:00+00:00,33.2
17338,2019-05-08 11:00:00+00:00,32.21
17339,2019-05-09 11:00:00+00:00,31.31
17340,2019-05-10 11:00:00+00:00,30.92
17343,2019-05-13 09:00:00+00:00,30.91
17344,2019-05-14 11:00:00+00:00,30.17
17345,2019-05-15 11:00:00+00:00,28.93
17346,2019-05-16 11:00:00+00:00,27.99
17347,2019-05-17 09:00:00+00:00,28.04
17348,2019-05-18 11:00:00+00:00,28.26
17349,2019-05-19 11:00:00+00:00,28.36
17350,2019-05-20 11:00:00+00:00,29.02
17351,2019-05-21 11:00:00+00:00,29.27
17352,2019-05-22 11:00:00+00:00,29.65
17353,2019-05-23 11:00:00+00:00,29.93
17354,2019-05-24 11:00:00+00:00,30.14
17355,2019-05-25 13:00:00+00:00,30.31
17356,2019-05-26 11:00:00+00:00,30.42
17357,2019-05-27 11:00:00+00:00,30.47
17358,2019-05-28 11:00:00+00:00,30.69
17359,2019-05-29 11:00:00+00:00,30.68
17360,2019-05-30 11:00:00+00:00,30.66
17361,2019-05-31 11:00:00+00:00,30.31
17362,2019-06-01 03:00:00+00:00,30.01
17363,2019-06-02 11:00:00+00:00,28.9
17364,2019-06-03 11:00:00+00:00,28.43
17365,2019-06-04 11:00:00+00:00,27.76
17366,2019-06-05 11:00:00+00:00,26.29
17367,2019-06-06 05:00:00+00:00,25.39
17368,2019-06-07 09:00:00+00:00,23.43
17369,2019-06-08 11:00:00+00:00,21.43
17370,2019-06-09 11:00:00+00:00,19.7
17371,2019-06-10 09:00:00+00:00,17.88
17372,2019-06-11 07:00:00+00:00,16.2
17373,2019-06-12 09:00:00+00:00,14.18
17374,2019-06-13 11:00:00+00:00,11.88
17375,2019-06-14 09:00:00+00:00,9.48
17376,2019-06-15 11:00:00+00:00,6.88
17377,2019-06-16 11:00:00+00:00,4.58
17378,2019-06-17 09:00:00+00:00,2.06
17379,2019-06-18 11:00:00+00:00,1.14
17380,2019-06-19 11:00:00+00:00,0.76
17381,2019-06-20 11:00:00+00:00,0.76
17382,2019-06-21 10:00:00+00:00,0.71
17383,2019-06-22 11:00:00+00:00,0.71
17384,2019-06-23 11:00:00+00:00,0.72
17385,2019-06-24 11:00:00+00:00,0.73
17387,2019-06-26 11:00:00+00:00,0.72
17388,2019-06-27 10:00:00+00:00,0.69
17389,2019-06-28 11:00:00+00:00,0.45
17390,2019-06-29 10:00:00+00:00,0.39
17391,2019-06-30 10:00:00+00:00,0.39
17392,2019-07-01 10:00:00+00:00,0.46
17393,2019-07-02 11:00:00+00:00,0.47
17394,2019-07-03 11:00:00+00:00,0.47
17395,2019-07-04 11:00:00+00:00,0.48
17396,2019-07-05 11:00:00+00:00,0.47
17397,2019-07-06 11:00:00+00:00,0.53
17398,2019-07-07 10:00:00+00:00,0.49
17399,2019-07-08 08:00:00+00:00,0.47
17400,2019-07-09 11:00:00+00:00,0.47
17401,2019-07-10 11:00:00+00:00,0.48
17402,2019-07-11 11:00:00+00:00,0.5
17403,2019-07-12 11:00:00+00:00,0.51
17404,2019-07-13 11:00:00+00:00,0.51
17405,2019-07-14 11:00:00+00:00,0.52
17406,2019-07-15 11:00:00+00:00,0.53
17407,2019-07-16 11:00:00+00:00,0.52
17408,2019-07-17 11:00:00+00:00,0.52
17409,2019-07-18 11:00:00+00:00,0.54
17410,2019-07-19 11:00:00+00:00,0.55
17411,2019-07-20 11:00:00+00:00,0.55
17412,2019-07-21 11:00:00+00:00,0.56
17413,2019-07-22 11:00:00+00:00,0.57
17414,2019-07-23 11:00:00+00:00,0.55
17415,2019-07-24 11:00:00+00:00,0.51
17416,2019-07-25 11:00:00+00:00,0.52
17417,2019-07-26 11:00:00+00:00,0.56
17418,2019-07-27 11:00:00+00:00,0.57
17419,2019-07-28 11:00:00+00:00,0.55
17420,2019-07-29 11:00:00+00:00,0.57
17421,2019-07-30 11:00:00+00:00,0.56
17422,2019-07-31 11:00:00+00:00,0.57
17423,2019-08-01 11:00:00+00:00,0.58
17424,2019-08-02 11:00:00+00:00,0.56
17425,2019-08-03 10:00:00+00:00,0.57
17426,2019-08-04 11:00:00+00:00,0.58
17427,2019-08-05 11:00:00+00:00,0.58
17428,2019-08-06 11:00:00+00:00,0.58
17429,2019-08-07 11:00:00+00:00,0.6
17430,2019-08-08 11:00:00+00:00,0.58
17431,2019-08-09 11:00:00+00:00,0.57
17432,2019-08-10 11:00:00+00:00,0.58
17433,2019-08-11 11:00:00+00:00,0.57
17434,2019-08-12 11:00:00+00:00,0.57
17435,2019-08-13 11:00:00+00:00,0.57
17436,2019-08-14 11:00:00+00:00,0.58
17437,2019-08-15 11:00:00+00:00,0.58
17438,2019-08-16 11:00:00+00:00,0.6
17439,2019-08-17 14:00:00+00:00,0.59
17441,2019-08-19 11:00:00+00:00,0.58
17442,2019-08-20 11:00:00+00:00,0.59
17443,2019-08-21 11:00:00+00:00,0.6
17444,2019-08-22 11:00:00+00:00,0.6
17445,2019-08-23 11:00:00+00:00,0.62
17446,2019-08-24 11:00:00+00:00,0.63
17447,2019-08-25 10:00:00+00:00,0.62
17448,2019-08-26 11:00:00+00:00,0.63
17450,2019-08-28 11:00:00+00:00,0.58
17451,2019-08-29 11:00:00+00:00,0.58
17452,2019-08-30 10:00:00+00:00,0.58
17453,2019-08-31 11:00:00+00:00,0.58
17454,2019-09-01 11:00:00+00:00,0.57
17455,2019-09-02 11:00:00+00:00,0.58
17456,2019-09-03 11:00:00+00:00,0.66
17457,2019-09-04 11:00:00+00:00,0.09
17458,2019-09-05 11:00:00+00:00,0.01
17460,2019-09-07 11:00:00+00:00,0.01
17461,2019-09-08 11:00:00+00:00,0.0
17462,2019-09-09 11:00:00+00:00,0.0
17463,2019-09-10 11:00:00+00:00,0.0
17464,2019-09-11 11:00:00+00:00,0.0
17465,2019-09-12 11:00:00+00:00,0.0
17466,2019-09-13 11:00:00+00:00,0.0
17467,2019-09-14 11:00:00+00:00,0.0
17468,2019-09-15 11:00:00+00:00,0.0
17469,2019-09-16 11:00:00+00:00,0.0
17470,2019-09-17 11:00:00+00:00,0.0
17471,2019-09-18 11:00:00+00:00,0.0
17472,2019-09-19 11:00:00+00:00,0.0
17473,2019-09-20 11:00:00+00:00,0.0
17474,2019-09-21 11:00:00+00:00,0.0
17475,2019-09-22 11:00:00+00:00,0.0
17476,2019-09-23 11:00:00+00:00,0.0
17477,2019-09-24 11:00:00+00:00,0.0
17478,2019-09-25 11:00:00+00:00,0.0
17479,2019-09-26 11:00:00+00:00,0.0
17480,2019-09-27 07:00:00+00:00,0.0
17481,2019-09-28 11:00:00+00:00,0.0
17482,2019-09-29 11:00:00+00:00,0.0
17483,2019-09-30 11:00:00+00:00,0.0
17484,2019-10-01 11:00:00+00:00,0.0
17485,2019-10-02 11:00:00+00:00,0.0
17486,2019-10-03 11:00:00+00:00,0.0
17487,2019-10-04 11:00:00+00:00,0.0
17488,2019-10-05 11:00:00+00:00,0.0
17489,2019-10-06 11:00:00+00:00,0.0
17490,2019-10-07 11:00:00+00:00,0.01
17491,2019-10-08 11:00:00+00:00,0.01
17492,2019-10-09 11:00:00+00:00,0.01
17493,2019-10-10 11:00:00+00:00,0.0
17494,2019-10-11 11:00:00+00:00,0.01
17495,2019-10-12 11:00:00+00:00,0.0
17496,2019-10-13 11:00:00+00:00,0.0
17497,2019-10-14 11:00:00+00:00,0.0
17498,2019-10-15 11:00:00+00:00,0.0
17499,2019-10-16 11:00:00+00:00,0.0
17500,2019-10-17 11:00:00+00:00,0.0
17501,2019-10-18 11:00:00+00:00,0.0
17502,2019-10-19 11:00:00+00:00,0.0
17503,2019-10-20 11:00:00+00:00,0.0
17504,2019-10-21 11:00:00+00:00,0.0
17505,2019-10-22 11:00:00+00:00,0.0
17506,2019-10-23 11:00:00+00:00,0.0
17507,2019-10-24 11:00:00+00:00,0.03
17508,2019-10-25 11:00:00+00:00,0.03
17509,2019-10-26 11:00:00+00:00,0.01
17510,2019-10-27 11:00:00+00:00,0.0
17511,2019-10-28 11:00:00+00:00,0.01
17512,2019-10-29 11:00:00+00:00,0.17
17514,2019-10-31 09:00:00+00:00,0.11
17515,2019-11-01 11:00:00+00:00,0.13
17516,2019-11-02 11:00:00+00:00,0.14
17517,2019-11-03 11:00:00+00:00,0.15
17518,2019-11-04 11:00:00+00:00,0.15
17519,2019-11-05 11:00:00+00:00,0.15
17520,2019-11-06 11:00:00+00:00,0.14
17521,2019-11-07 11:00:00+00:00,0.14
17522,2019-11-08 11:00:00+00:00,0.15
17523,2019-11-09 11:00:00+00:00,0.13
17524,2019-11-10 11:00:00+00:00,0.14
17525,2019-11-11 09:00:00+00:00,0.14
17526,2019-11-12 11:00:00+00:00,0.15
17527,2019-11-13 11:00:00+00:00,0.14
17528,2019-11-14 11:00:00+00:00,0.15
17529,2019-11-15 11:00:00+00:00,0.13
17530,2019-11-16 11:00:00+00:00,0.14
17531,2019-11-17 11:00:00+00:00,0.13
17532,2019-11-18 11:00:00+00:00,0.14
17533,2019-11-19 11:00:00+00:00,0.13
17534,2019-11-20 11:00:00+00:00,0.12
17535,2019-11-21 11:00:00+00:00,0.5
17536,2019-11-22 11:00:00+00:00,0.55
17537,2019-11-23 11:00:00+00:00,0.59
17538,2019-11-24 11:00:00+00:00,0.61
17539,2019-11-25 11:00:00+00:00,0.96
17540,2019-11-26 11:00:00+00:00,0.1
17541,2019-11-27 11:00:00+00:00,1.36
17542,2019-11-28 11:00:00+00:00,3.19
17543,2019-11-29 11:00:00+00:00,4.16
17544,2019-11-30 11:00:00+00:00,4.79
17545,2019-12-01 11:00:00+00:00,4.78
17546,2019-12-02 11:00:00+00:00,4.78
17547,2019-12-03 11:00:00+00:00,4.18
17548,2019-12-04 11:00:00+00:00,4.37
17549,2019-12-05 11:00:00+00:00,5.47
17550,2019-12-06 11:00:00+00:00,5.57
17551,2019-12-07 11:00:00+00:00,5.73
17552,2019-12-08 11:00:00+00:00,6.27
17553,2019-12-09 11:00:00+00:00,6.84
17554,2019-12-10 09:00:00+00:00,6.84
17555,2019-12-11 11:00:00+00:00,6.89
17556,2019-12-12 11:00:00+00:00,6.97
17557,2019-12-13 11:00:00+00:00,7.0
17558,2019-12-14 11:00:00+00:00,7.09
17559,2019-12-15 11:00:00+00:00,7.54
17560,2019-12-16 11:00:00+00:00,7.57
17561,2019-12-17 11:00:00+00:00,7.75
17562,2019-12-18 11:00:00+00:00,7.9
17563,2019-12-19 11:00:00+00:00,7.9
17564,2019-12-20 12:00:00+00:00,7.9
17565,2019-12-21 11:00:00+00:00,7.9
17566,2019-12-22 12:00:00+00:00,7.88
17567,2019-12-23 10:00:00+00:00,7.91
17568,2019-12-24 12:00:00+00:00,8.36
17569,2019-12-25 12:00:00+00:00,8.5
17570,2019-12-26 12:00:00+00:00,8.95
17571,2019-12-27 11:00:00+00:00,9.48
17572,2019-12-28 11:00:00+00:00,9.72
17573,2019-12-29 11:00:00+00:00,9.72
17574,2019-12-30 11:00:00+00:00,9.75
17575,2019-12-31 11:00:00+00:00,9.93
17576,2020-01-01 12:00:00+00:00,9.94
17577,2020-01-02 11:00:00+00:00,10.02
17578,2020-01-03 11:00:00+00:00,10.03
17579,2020-01-04 11:00:00+00:00,10.03
17580,2020-01-05 11:00:00+00:00,10.04
17581,2020-01-06 11:00:00+00:00,10.06
17582,2020-01-07 11:00:00+00:00,10.06
17583,2020-01-08 11:00:00+00:00,10.06
17584,2020-01-09 11:00:00+00:00,10.06
17585,2020-01-10 11:00:00+00:00,10.05
17586,2020-01-11 11:00:00+00:00,10.03
17587,2020-01-12 11:00:00+00:00,10.01
17588,2020-01-13 11:00:00+00:00,9.99
17589,2020-01-14 11:00:00+00:00,9.97
17590,2020-01-15 11:00:00+00:00,9.92
17591,2020-01-16 12:00:00+00:00,9.89
17592,2020-01-17 12:00:00+00:00,10.23
17593,2020-01-18 11:00:00+00:00,10.3
17594,2020-01-19 11:00:00+00:00,10.3
17595,2020-01-20 11:00:00+00:00,10.37
17596,2020-01-21 10:00:00+00:00,10.42
17597,2020-01-22 11:00:00+00:00,10.58
17598,2020-01-23 11:00:00+00:00,10.77
17600,2020-01-25 11:00:00+00:00,11.06
17601,2020-01-26 10:00:00+00:00,11.06
17602,2020-01-27 11:00:00+00:00,11.12
17603,2020-01-28 10:00:00+00:00,11.19
17604,2020-01-29 11:00:00+00:00,11.23
17605,2020-01-30 11:00:00+00:00,11.24
17607,2020-02-01 11:00:00+00:00,11.24
17608,2020-02-02 11:00:00+00:00,11.5
17609,2020-02-03 11:00:00+00:00,11.58
17610,2020-02-04 11:00:00+00:00,13.48
17611,2020-02-05 11:00:00+00:00,13.46
17612,2020-02-06 11:00:00+00:00,13.36
17613,2020-02-07 10:00:00+00:00,13.2
17614,2020-02-08 11:00:00+00:00,13.08
17615,2020-02-09 11:00:00+00:00,13.07
17616,2020-02-10 10:00:00+00:00,13.11
17617,2020-02-11 10:00:00+00:00,13.17
17618,2020-02-12 10:00:00+00:00,13.11
17619,2020-02-13 11:00:00+00:00,13.0
17621,2020-02-15 11:00:00+00:00,13.14
17622,2020-02-16 11:00:00+00:00,13.18
17623,2020-02-17 11:00:00+00:00,13.04
17624,2020-02-18 11:00:00+00:00,12.89
17625,2020-02-19 11:00:00+00:00,12.72
17626,2020-02-20 12:00:00+00:00,12.56
17627,2020-02-21 12:00:00+00:00,12.42
17628,2020-02-22 12:00:00+00:00,12.38
17629,2020-02-23 12:00:00+00:00,12.75
17630,2020-02-24 12:00:00+00:00,12.78
17631,2020-02-25 12:00:00+00:00,12.78
17632,2020-02-26 12:00:00+00:00,12.78
17633,2020-02-27 13:00:00+00:00,12.78
17634,2020-02-28 12:00:00+00:00,12.78
17635,2020-02-29 12:00:00+00:00,12.77
17636,2020-03-01 12:00:00+00:00,12.77
17637,2020-03-02 13:00:00+00:00,12.78
17638,2020-03-03 12:00:00+00:00,12.78
17639,2020-03-04 11:00:00+00:00,12.69
17640,2020-03-05 11:00:00+00:00,12.7
17641,2020-03-06 12:00:00+00:00,12.61
17642,2020-03-07 12:00:00+00:00,12.35
17643,2020-03-08 10:00:00+00:00,12.28
17644,2020-03-09 12:00:00+00:00,12.15
17645,2020-03-10 12:00:00+00:00,12.06
17646,2020-03-11 10:00:00+00:00,12.57
17647,2020-03-12 12:00:00+00:00,13.15
17648,2020-03-13 12:00:00+00:00,13.24
17649,2020-03-14 12:00:00+00:00,13.29
17650,2020-03-15 12:00:00+00:00,13.35
17651,2020-03-16 12:00:00+00:00,13.42
17652,2020-03-17 12:00:00+00:00,14.05
17653,2020-03-18 10:00:00+00:00,14.31
17654,2020-03-19 12:00:00+00:00,14.44
17655,2020-03-20 10:00:00+00:00,14.62
17656,2020-03-21 10:00:00+00:00,14.69
17657,2020-03-22 10:00:00+00:00,14.8
17658,2020-03-23 11:00:00+00:00,15.2
17659,2020-03-24 12:00:00+00:00,16.01
17660,2020-03-25 12:00:00+00:00,16.39
17661,2020-03-26 12:00:00+00:00,17.09
17662,2020-03-27 10:00:00+00:00,17.34
17663,2020-03-28 10:00:00+00:00,17.41
17664,2020-03-29 11:00:00+00:00,17.6
17665,2020-03-30 10:00:00+00:00,17.81
17666,2020-03-31 10:00:00+00:00,18.06
17667,2020-04-01 11:00:00+00:00,18.29
17668,2020-04-02 04:00:00+00:00,18.26
17669,2020-04-03 06:00:00+00:00,17.86
17670,2020-04-04 11:00:00+00:00,17.6
17671,2020-04-05 08:00:00+00:00,17.36
17672,2020-04-06 10:00:00+00:00,17.27
17673,2020-04-07 10:00:00+00:00,18.51
17674,2020-04-08 12:00:00+00:00,19.34
17675,2020-04-09 10:00:00+00:00,20.76
17676,2020-04-10 10:00:00+00:00,21.24
17677,2020-04-11 12:00:00+00:00,21.42
17678,2020-04-12 10:00:00+00:00,21.88
17679,2020-04-13 12:00:00+00:00,21.88
17680,2020-04-14 12:00:00+00:00,21.87
17681,2020-04-15 11:00:00+00:00,21.7
17682,2020-04-16 10:00:00+00:00,21.52
17683,2020-04-17 12:00:00+00:00,20.96
17684,2020-04-18 05:00:00+00:00,20.7
17685,2020-04-19 09:00:00+00:00,20.77
17687,2020-04-21 10:00:00+00:00,20.68
17688,2020-04-22 09:00:00+00:00,20.5
17689,2020-04-23 09:00:00+00:00,19.61
17690,2020-04-24 09:00:00+00:00,18.77
17691,2020-04-25 11:00:00+00:00,17.72
17692,2020-04-26 10:00:00+00:00,16.65
17693,2020-04-27 03:00:00+00:00,16.23
17696,2020-04-30 12:00:00+00:00,12.47
17697,2020-05-01 08:00:00+00:00,11.07
17698,2020-05-02 11:00:00+00:00,9.83
17700,2020-05-04 04:00:00+00:00,7.07
17701,2020-05-05 10:00:00+00:00,5.41
17702,2020-05-06 11:00:00+00:00,3.23
17705,2020-05-09 12:00:00+00:00,1.65
17706,2020-05-10 12:00:00+00:00,1.63
17707,2020-05-11 12:00:00+00:00,1.59
17708,2020-05-12 12:00:00+00:00,1.58
17709,2020-05-13 07:00:00+00:00,1.48
17710,2020-05-14 14:00:00+00:00,1.54
17711,2020-05-15 12:00:00+00:00,1.5
17712,2020-05-16 12:00:00+00:00,1.53
17713,2020-05-17 12:00:00+00:00,1.56
17714,2020-05-18 12:00:00+00:00,1.56
17715,2020-05-19 10:00:00+00:00,1.86
17717,2020-05-21 11:00:00+00:00,1.7
17718,2020-05-22 11:00:00+00:00,1.66
17719,2020-05-23 11:00:00+00:00,1.6
17720,2020-05-24 11:00:00+00:00,1.52
17721,2020-05-25 11:00:00+00:00,1.52
17722,2020-05-26 11:00:00+00:00,1.58
17723,2020-05-27 12:00:00+00:00,1.6
17724,2020-05-28 12:00:00+00:00,1.62
17725,2020-05-29 10:00:00+00:00,1.53
17726,2020-05-30 11:00:00+00:00,1.58
17727,2020-05-31 10:00:00+00:00,1.58
17728,2020-06-01 11:00:00+00:00,1.57
17729,2020-06-02 10:00:00+00:00,1.56
17730,2020-06-03 10:00:00+00:00,1.57
17731,2020-06-04 11:00:00+00:00,1.57
17732,2020-06-05 11:00:00+00:00,1.59
17733,2020-06-06 10:00:00+00:00,1.71
17734,2020-06-07 11:00:00+00:00,1.65
17735,2020-06-08 10:00:00+00:00,1.6
17737,2020-06-10 11:00:00+00:00,1.59
17738,2020-06-11 11:00:00+00:00,1.6
17739,2020-06-12 12:00:00+00:00,1.6
17740,2020-06-13 12:00:00+00:00,1.6
17741,2020-06-14 09:00:00+00:00,1.59
17742,2020-06-15 12:00:00+00:00,1.6
17743,2020-06-16 12:00:00+00:00,1.61
17744,2020-06-17 11:00:00+00:00,1.62
17745,2020-06-18 11:00:00+00:00,1.62
17746,2020-06-19 11:00:00+00:00,1.63
17747,2020-06-20 11:00:00+00:00,1.64
17748,2020-06-21 11:00:00+00:00,1.63
17749,2020-06-22 11:00:00+00:00,1.66
17750,2020-06-23 11:00:00+00:00,1.67
17751,2020-06-24 11:00:00+00:00,1.67
17752,2020-06-25 11:00:00+00:00,1.65
17753,2020-06-26 11:00:00+00:00,1.67
17754,2020-06-27 11:00:00+00:00,1.64
17755,2020-06-28 11:00:00+00:00,1.32
17756,2020-06-29 11:00:00+00:00,1.27
17758,2020-07-01 11:00:00+00:00,1.29
17759,2020-07-02 11:00:00+00:00,1.31
17760,2020-07-03 11:00:00+00:00,1.31
17761,2020-07-04 11:00:00+00:00,1.37
17762,2020-07-05 11:00:00+00:00,1.37
17763,2020-07-06 11:00:00+00:00,1.41
17764,2020-07-07 11:00:00+00:00,1.43
17765,2020-07-08 11:00:00+00:00,1.41
17766,2020-07-09 12:00:00+00:00,1.42
17767,2020-07-10 12:00:00+00:00,1.41
17768,2020-07-11 12:00:00+00:00,1.41
17769,2020-07-12 12:00:00+00:00,1.41
17770,2020-07-13 12:00:00+00:00,1.45
17771,2020-07-14 12:00:00+00:00,1.45
17772,2020-07-15 12:00:00+00:00,1.45
17773,2020-07-16 12:00:00+00:00,1.46
17774,2020-07-17 11:00:00+00:00,1.46
17775,2020-07-18 11:00:00+00:00,1.47
17776,2020-07-19 11:00:00+00:00,1.46
17777,2020-07-20 11:00:00+00:00,1.47
17778,2020-07-21 11:00:00+00:00,1.47
17779,2020-07-22 11:00:00+00:00,1.47
17780,2020-07-23 11:00:00+00:00,1.48
17781,2020-07-24 11:00:00+00:00,1.46
17782,2020-07-25 11:00:00+00:00,1.46
17783,2020-07-26 11:00:00+00:00,1.43
17784,2020-07-27 11:00:00+00:00,1.46
17785,2020-07-28 11:00:00+00:00,1.48
17786,2020-07-29 11:00:00+00:00,1.76
17787,2020-07-30 11:00:00+00:00,1.77
17788,2020-07-31 11:00:00+00:00,1.77
17789,2020-08-01 11:00:00+00:00,1.78
17790,2020-08-02 11:00:00+00:00,1.8
17791,2020-08-03 11:00:00+00:00,1.77
17792,2020-08-04 11:00:00+00:00,1.77
17793,2020-08-05 11:00:00+00:00,1.78
17794,2020-08-06 11:00:00+00:00,1.76
17795,2020-08-07 11:00:00+00:00,1.77
17796,2020-08-08 11:00:00+00:00,1.75
17797,2020-08-09 10:00:00+00:00,1.77
17798,2020-08-10 11:00:00+00:00,1.78
17799,2020-08-11 11:00:00+00:00,1.77
17800,2020-08-12 11:00:00+00:00,1.77
17801,2020-08-13 11:00:00+00:00,1.77
17802,2020-08-14 11:00:00+00:00,1.74
17803,2020-08-15 11:00:00+00:00,1.78
17804,2020-08-16 11:00:00+00:00,1.76
17805,2020-08-17 08:00:00+00:00,1.97
17806,2020-08-18 11:00:00+00:00,1.83
17807,2020-08-19 11:00:00+00:00,1.95
17808,2020-08-20 11:00:00+00:00,1.83
17809,2020-08-21 11:00:00+00:00,1.8
17810,2020-08-22 11:00:00+00:00,1.74
17811,2020-08-23 09:00:00+00:00,1.76
17812,2020-08-24 11:00:00+00:00,1.74
17813,2020-08-25 11:00:00+00:00,1.78
17814,2020-08-26 11:00:00+00:00,1.77
17815,2020-08-27 11:00:00+00:00,1.75
17816,2020-08-28 11:00:00+00:00,1.74
17817,2020-08-29 11:00:00+00:00,1.75
17818,2020-08-30 11:00:00+00:00,1.75
17819,2020-08-31 11:00:00+00:00,1.75
17820,2020-09-01 11:00:00+00:00,1.75
17821,2020-09-02 11:00:00+00:00,1.76
17822,2020-09-03 11:00:00+00:00,1.76
17823,2020-09-04 11:00:00+00:00,1.76
17824,2020-09-05 11:00:00+00:00,1.76
17825,2020-09-06 11:00:00+00:00,1.77
17826,2020-09-07 11:00:00+00:00,1.77
17827,2020-09-08 11:00:00+00:00,1.77
17828,2020-09-09 11:00:00+00:00,1.76
17829,2020-09-10 11:00:00+00:00,1.76
17830,2020-09-11 11:00:00+00:00,1.71
17831,2020-09-12 11:00:00+00:00,1.72
17832,2020-09-13 06:00:00+00:00,1.73
17833,2020-09-14 11:00:00+00:00,1.74
17834,2020-09-15 11:00:00+00:00,1.74
17835,2020-09-16 11:00:00+00:00,1.74
17836,2020-09-17 11:00:00+00:00,1.74
17837,2020-09-18 11:00:00+00:00,1.75
17838,2020-09-19 11:00:00+00:00,1.75
17839,2020-09-20 08:00:00+00:00,1.74
17840,2020-09-21 05:00:00+00:00,1.74
17841,2020-09-22 11:00:00+00:00,1.74
17842,2020-09-23 11:00:00+00:00,1.74
17843,2020-09-24 11:00:00+00:00,1.74
17844,2020-09-25 11:00:00+00:00,1.74
17845,2020-09-26 11:00:00+00:00,1.74
17846,2020-09-27 09:00:00+00:00,1.74
17847,2020-09-28 11:00:00+00:00,1.77
17848,2020-09-29 11:00:00+00:00,1.73
17849,2020-09-30 11:00:00+00:00,1.73
17850,2020-10-01 10:00:00+00:00,1.73
17851,2020-10-02 10:00:00+00:00,1.74
17852,2020-10-03 11:00:00+00:00,1.74
17853,2020-10-04 11:00:00+00:00,1.73
17854,2020-10-05 10:00:00+00:00,1.74
17855,2020-10-06 11:00:00+00:00,1.73
17856,2020-10-07 11:00:00+00:00,1.7
17857,2020-10-08 11:00:00+00:00,1.7
17858,2020-10-09 11:00:00+00:00,1.7
17859,2020-10-10 11:00:00+00:00,1.69
17860,2020-10-11 11:00:00+00:00,1.67
17861,2020-10-12 11:00:00+00:00,1.69
17862,2020-10-13 11:00:00+00:00,1.7
17863,2020-10-14 10:00:00+00:00,1.7
17864,2020-10-15 11:00:00+00:00,1.7
17865,2020-10-16 11:00:00+00:00,1.7
17866,2020-10-17 11:00:00+00:00,1.7
17867,2020-10-18 11:00:00+00:00,1.7
17868,2020-10-19 11:00:00+00:00,1.69
17869,2020-10-20 11:00:00+00:00,1.68
17870,2020-10-21 11:00:00+00:00,1.68
17871,2020-10-22 11:00:00+00:00,1.65
17872,2020-10-23 08:00:00+00:00,1.69
17873,2020-10-24 11:00:00+00:00,1.67
17874,2020-10-25 11:00:00+00:00,1.66
17875,2020-10-26 11:00:00+00:00,1.65
17876,2020-10-27 11:00:00+00:00,1.63
17877,2020-10-28 11:00:00+00:00,1.69
17878,2020-10-29 11:00:00+00:00,1.68
17879,2020-10-30 11:00:00+00:00,1.65
17880,2020-10-31 11:00:00+00:00,1.65
17881,2020-11-01 11:00:00+00:00,1.65
17882,2020-11-02 09:00:00+00:00,1.69
17883,2020-11-03 11:00:00+00:00,1.67
17884,2020-11-04 11:00:00+00:00,1.65
17885,2020-11-05 11:00:00+00:00,1.7
17886,2020-11-06 11:00:00+00:00,0.37
17887,2020-11-07 11:00:00+00:00,0.38
17888,2020-11-08 10:00:00+00:00,0.38
17889,2020-11-09 11:00:00+00:00,1.23
17890,2020-11-10 11:00:00+00:00,1.29
17891,2020-11-11 11:00:00+00:00,1.3
17892,2020-11-12 11:00:00+00:00,1.3
17893,2020-11-13 11:00:00+00:00,1.3
17894,2020-11-14 11:00:00+00:00,1.31
17895,2020-11-15 08:00:00+00:00,1.31
17896,2020-11-16 11:00:00+00:00,1.31
17897,2020-11-17 11:00:00+00:00,1.31
17898,2020-11-18 11:00:00+00:00,1.31
17899,2020-11-19 11:00:00+00:00,1.02
17900,2020-11-20 11:00:00+00:00,1.21
17901,2020-11-21 11:00:00+00:00,1.32
17902,2020-11-22 11:00:00+00:00,1.33
17903,2020-11-23 11:00:00+00:00,1.47
17904,2020-11-24 11:00:00+00:00,1.38
17905,2020-11-25 12:00:00+00:00,1.14
17906,2020-11-26 12:00:00+00:00,1.1
17907,2020-11-27 12:00:00+00:00,1.21
17908,2020-11-28 12:00:00+00:00,1.16
17909,2020-11-29 12:00:00+00:00,1.13
17910,2020-11-30 12:00:00+00:00,1.12
17911,2020-12-01 11:00:00+00:00,1.12
17912,2020-12-02 12:00:00+00:00,1.23
17913,2020-12-03 12:00:00+00:00,1.16
17914,2020-12-04 12:00:00+00:00,0.5
17915,2020-12-05 11:00:00+00:00,0.58
17916,2020-12-06 12:00:00+00:00,0.67
17917,2020-12-07 12:00:00+00:00,0.75
17918,2020-12-08 12:00:00+00:00,0.94
17919,2020-12-09 12:00:00+00:00,0.78
17920,2020-12-10 12:00:00+00:00,0.5
17921,2020-12-11 12:00:00+00:00,0.09
17922,2020-12-12 11:00:00+00:00,0.38
17923,2020-12-13 12:00:00+00:00,0.26
17924,2020-12-14 12:00:00+00:00,1.35
17926,2020-12-16 12:00:00+00:00,0.86
17927,2020-12-17 11:00:00+00:00,0.97
17928,2020-12-18 12:00:00+00:00,1.35
17929,2020-12-19 11:00:00+00:00,1.35
17930,2020-12-20 11:00:00+00:00,1.39
17931,2020-12-21 12:00:00+00:00,1.4
17932,2020-12-22 12:00:00+00:00,1.51
17933,2020-12-23 12:00:00+00:00,1.51
17934,2020-12-24 12:00:00+00:00,1.51
17935,2020-12-25 12:00:00+00:00,1.51
17936,2020-12-26 12:00:00+00:00,1.51
17937,2020-12-27 07:00:00+00:00,1.66
17938,2020-12-28 12:00:00+00:00,1.81
17939,2020-12-29 12:00:00+00:00,2.02
17940,2020-12-30 12:00:00+00:00,2.09
17941,2020-12-31 12:00:00+00:00,2.14
17942,2021-01-01 12:00:00+00:00,2.16
17943,2021-01-02 12:00:00+00:00,2.17
17944,2021-01-03 08:00:00+00:00,2.17
17945,2021-01-04 12:00:00+00:00,2.19
17946,2021-01-05 12:00:00+00:00,2.34
17947,2021-01-06 12:00:00+00:00,2.4
17948,2021-01-07 11:00:00+00:00,2.4
17949,2021-01-08 11:00:00+00:00,2.4
17950,2021-01-09 10:00:00+00:00,2.4
17951,2021-01-10 11:00:00+00:00,2.4
17952,2021-01-11 06:00:00+00:00,2.4
17953,2021-01-12 12:00:00+00:00,2.4
17954,2021-01-13 12:00:00+00:00,2.4
17955,2021-01-14 12:00:00+00:00,2.42
17956,2021-01-15 12:00:00+00:00,2.53
17957,2021-01-16 11:00:00+00:00,2.6
17958,2021-01-17 11:00:00+00:00,2.6
17959,2021-01-18 12:00:00+00:00,2.66
17960,2021-01-19 09:00:00+00:00,2.68
17961,2021-01-20 12:00:00+00:00,2.71
17962,2021-01-21 10:00:00+00:00,2.71
17963,2021-01-22 11:00:00+00:00,2.7
17964,2021-01-23 12:00:00+00:00,2.74
17965,2021-01-24 07:00:00+00:00,2.85
17966,2021-01-25 07:00:00+00:00,2.92
17967,2021-01-26 12:00:00+00:00,3.25
17968,2021-01-27 12:00:00+00:00,3.46
17969,2021-01-28 12:00:00+00:00,3.97
17970,2021-01-29 07:00:00+00:00,4.16
17971,2021-01-30 12:00:00+00:00,4.75
17972,2021-01-31 10:00:00+00:00,4.88
17973,2021-02-01 11:00:00+00:00,5.0
17974,2021-02-02 12:00:00+00:00,5.05
17975,2021-02-03 12:00:00+00:00,5.11
17976,2021-02-04 10:00:00+00:00,5.16
17977,2021-02-05 12:00:00+00:00,5.2
17978,2021-02-06 12:00:00+00:00,5.23
17979,2021-02-07 08:00:00+00:00,5.37
17980,2021-02-08 11:00:00+00:00,5.64
17981,2021-02-09 12:00:00+00:00,5.72
17982,2021-02-10 09:00:00+00:00,5.75
17983,2021-02-11 12:00:00+00:00,5.78
17984,2021-02-12 11:00:00+00:00,5.84
17985,2021-02-13 12:00:00+00:00,6.23
17986,2021-02-14 11:00:00+00:00,6.38
17987,2021-02-15 12:00:00+00:00,6.47
17988,2021-02-16 12:00:00+00:00,6.53
17989,2021-02-17 12:00:00+00:00,6.53
17990,2021-02-18 12:00:00+00:00,6.53
17991,2021-02-19 12:00:00+00:00,6.54
17992,2021-02-20 11:00:00+00:00,6.69
17993,2021-02-21 07:00:00+00:00,6.78
17994,2021-02-22 11:00:00+00:00,6.91
17995,2021-02-23 11:00:00+00:00,6.95
17996,2021-02-24 11:00:00+00:00,7.19
17997,2021-02-25 15:00:00+00:00,7.5
17998,2021-02-26 11:00:00+00:00,7.67
17999,2021-02-27 11:00:00+00:00,7.77
18000,2021-02-28 07:00:00+00:00,7.85
18001,2021-03-01 10:00:00+00:00,7.91
18002,2021-03-02 09:00:00+00:00,7.92
18003,2021-03-03 11:00:00+00:00,7.91
18004,2021-03-04 11:00:00+00:00,7.91
18005,2021-03-05 13:00:00+00:00,7.91
18006,2021-03-06 10:00:00+00:00,7.91
18007,2021-03-07 10:00:00+00:00,7.91
18008,2021-03-08 11:00:00+00:00,7.93
18009,2021-03-09 11:00:00+00:00,7.95
18010,2021-03-10 11:00:00+00:00,7.96
18011,2021-03-11 11:00:00+00:00,8.62
18012,2021-03-12 11:00:00+00:00,8.99
18013,2021-03-13 11:00:00+00:00,9.26
18014,2021-03-14 10:00:00+00:00,9.4
18015,2021-03-15 11:00:00+00:00,9.43
18016,2021-03-16 11:00:00+00:00,9.57
18017,2021-03-17 10:00:00+00:00,9.67
18018,2021-03-18 11:00:00+00:00,9.7
18020,2021-03-20 08:00:00+00:00,10.43
18021,2021-03-21 09:00:00+00:00,11.3
18022,2021-03-22 08:00:00+00:00,11.39
18023,2021-03-23 08:00:00+00:00,11.4
18025,2021-03-25 10:00:00+00:00,11.7
18026,2021-03-26 12:00:00+00:00,11.8
18027,2021-03-27 12:00:00+00:00,11.84
18028,2021-03-28 12:00:00+00:00,12.03
18029,2021-03-29 12:00:00+00:00,12.02
18030,2021-03-30 12:00:00+00:00,11.98
18031,2021-03-31 11:00:00+00:00,11.79
18032,2021-04-01 12:00:00+00:00,11.57
18033,2021-04-02 11:00:00+00:00,11.33
18034,2021-04-03 11:00:00+00:00,10.92
18035,2021-04-04 12:00:00+00:00,10.6
18036,2021-04-05 12:00:00+00:00,10.14
18037,2021-04-06 12:00:00+00:00,9.59
18038,2021-04-07 12:00:00+00:00,8.99
18039,2021-04-08 12:00:00+00:00,8.4
18040,2021-04-09 12:00:00+00:00,7.78
18041,2021-04-10 11:00:00+00:00,7.18
18042,2021-04-11 11:00:00+00:00,6.65
18043,2021-04-12 11:00:00+00:00,6.19
18044,2021-04-13 14:00:00+00:00,5.71
18045,2021-04-14 14:00:00+00:00,5.55
18046,2021-04-15 14:00:00+00:00,5.2
18047,2021-04-16 14:00:00+00:00,4.24
18048,2021-04-17 11:00:00+00:00,3.59
18050,2021-04-19 11:00:00+00:00,1.59
18051,2021-04-20 12:00:00+00:00,0.87
18052,2021-04-21 10:00:00+00:00,0.4
18053,2021-04-22 12:00:00+00:00,0.21
18054,2021-04-23 12:00:00+00:00,0.25
18055,2021-04-24 12:00:00+00:00,0.24
18056,2021-04-25 12:00:00+00:00,0.23
18057,2021-04-26 12:00:00+00:00,0.26
18058,2021-04-27 12:00:00+00:00,0.31
18059,2021-04-28 12:00:00+00:00,0.34
18060,2021-04-29 12:00:00+00:00,0.19
18061,2021-04-30 12:00:00+00:00,0.23
18062,2021-05-01 12:00:00+00:00,0.2
18063,2021-05-02 12:00:00+00:00,0.19
18064,2021-05-03 12:00:00+00:00,0.2
18065,2021-05-04 03:00:00+00:00,0.21
18072,2021-05-11 12:00:00+00:00,0.22
18073,2021-05-12 12:00:00+00:00,0.23
18074,2021-05-13 12:00:00+00:00,0.23
18075,2021-05-14 12:00:00+00:00,0.25
18076,2021-05-15 12:00:00+00:00,0.23
18077,2021-05-16 12:00:00+00:00,0.24
18078,2021-05-17 12:00:00+00:00,0.2
18079,2021-05-18 12:00:00+00:00,0.2
18080,2021-05-19 12:00:00+00:00,0.22
18081,2021-05-20 12:00:00+00:00,0.23
18082,2021-05-21 12:00:00+00:00,0.23
18083,2021-05-22 12:00:00+00:00,0.14
18084,2021-05-23 12:00:00+00:00,0.16
18085,2021-05-24 12:00:00+00:00,0.2
18086,2021-05-25 12:00:00+00:00,0.24
18087,2021-05-26 12:00:00+00:00,0.24
18088,2021-05-27 12:00:00+00:00,0.27
18089,2021-05-28 12:00:00+00:00,0.26
18090,2021-05-29 12:00:00+00:00,0.26
18091,2021-05-30 12:00:00+00:00,0.27
18092,2021-05-31 12:00:00+00:00,0.27
18093,2021-06-01 12:00:00+00:00,0.27
18094,2021-06-02 12:00:00+00:00,0.28
18095,2021-06-03 12:00:00+00:00,0.34
18096,2021-06-04 12:00:00+00:00,0.28
18097,2021-06-05 12:00:00+00:00,0.33
18098,2021-06-06 12:00:00+00:00,0.31
18099,2021-06-07 12:00:00+00:00,0.31
18100,2021-06-08 12:00:00+00:00,0.3
18101,2021-06-09 12:00:00+00:00,0.29
18102,2021-06-10 12:00:00+00:00,0.3
18103,2021-06-11 12:00:00+00:00,0.28
18104,2021-06-12 12:00:00+00:00,0.3
18105,2021-06-13 12:00:00+00:00,0.33
18106,2021-06-14 12:00:00+00:00,0.35
18107,2021-06-15 12:00:00+00:00,0.34
18108,2021-06-16 12:00:00+00:00,0.32
18109,2021-06-17 12:00:00+00:00,0.22
18110,2021-06-18 12:00:00+00:00,0.25
18111,2021-06-19 11:00:00+00:00,0.25
18112,2021-06-20 12:00:00+00:00,0.24
18113,2021-06-21 12:00:00+00:00,0.3
18114,2021-06-22 11:00:00+00:00,0.33
18115,2021-06-23 12:00:00+00:00,0.33
18116,2021-06-24 12:00:00+00:00,0.31
18117,2021-06-25 12:00:00+00:00,0.29
18118,2021-06-26 12:00:00+00:00,0.29
18119,2021-06-27 12:00:00+00:00,0.33
18120,2021-06-28 12:00:00+00:00,0.34
18121,2021-06-29 11:00:00+00:00,0.31
18122,2021-06-30 12:00:00+00:00,0.36
18123,2021-07-01 10:00:00+00:00,0.33
18124,2021-07-02 12:00:00+00:00,0.26
18125,2021-07-03 11:00:00+00:00,0.2
18126,2021-07-04 12:00:00+00:00,0.12
18127,2021-07-05 12:00:00+00:00,0.19
18128,2021-07-06 12:00:00+00:00,0.21
18129,2021-07-07 12:00:00+00:00,0.2
18130,2021-07-08 12:00:00+00:00,0.21
18131,2021-07-09 12:00:00+00:00,0.24
18132,2021-07-10 12:00:00+00:00,0.27
18133,2021-07-11 12:00:00+00:00,0.24
18134,2021-07-12 12:00:00+00:00,0.26
18135,2021-07-13 11:00:00+00:00,0.25
18136,2021-07-14 11:00:00+00:00,0.25
18137,2021-07-15 10:00:00+00:00,0.27
18138,2021-07-16 10:00:00+00:00,0.28
18139,2021-07-17 10:00:00+00:00,0.28
18140,2021-07-18 12:00:00+00:00,0.28
18141,2021-07-19 12:00:00+00:00,0.23
18142,2021-07-20 12:00:00+00:00,0.23
18143,2021-07-21 11:00:00+00:00,0.26
18144,2021-07-22 12:00:00+00:00,0.28
18145,2021-07-23 12:00:00+00:00,0.28
18146,2021-07-24 12:00:00+00:00,0.28
18147,2021-07-25 12:00:00+00:00,0.26
18148,2021-07-26 12:00:00+00:00,0.3
18149,2021-07-27 12:00:00+00:00,0.25
18150,2021-07-28 12:00:00+00:00,0.26
18151,2021-07-29 12:00:00+00:00,0.32
18152,2021-07-30 06:00:00+00:00,0.29
18153,2021-07-31 11:00:00+00:00,0.4
18154,2021-08-01 11:00:00+00:00,0.38
18155,2021-08-02 11:00:00+00:00,0.35
18156,2021-08-03 12:00:00+00:00,0.29
18157,2021-08-04 12:00:00+00:00,0.29
18158,2021-08-05 12:00:00+00:00,0.32
18159,2021-08-06 12:00:00+00:00,0.31
18160,2021-08-07 12:00:00+00:00,0.32
18161,2021-08-08 10:00:00+00:00,0.31
18162,2021-08-09 11:00:00+00:00,0.35
18163,2021-08-10 11:00:00+00:00,0.35
18164,2021-08-11 10:00:00+00:00,0.33
18165,2021-08-12 11:00:00+00:00,0.31
18166,2021-08-13 10:00:00+00:00,0.31
18167,2021-08-14 10:00:00+00:00,0.39
18168,2021-08-15 10:00:00+00:00,0.36
18169,2021-08-16 10:00:00+00:00,0.31
18170,2021-08-17 10:00:00+00:00,0.31
18171,2021-08-18 10:00:00+00:00,0.35
18172,2021-08-19 12:00:00+00:00,0.3
18173,2021-08-20 12:00:00+00:00,0.3
18174,2021-08-21 12:00:00+00:00,0.29
18175,2021-08-22 12:00:00+00:00,0.27
18176,2021-08-23 12:00:00+00:00,0.28
18177,2021-08-24 12:00:00+00:00,0.0
18178,2021-08-25 12:00:00+00:00,0.0
18179,2021-08-26 11:00:00+00:00,0.0
18180,2021-08-27 11:00:00+00:00,0.0
18181,2021-08-28 12:00:00+00:00,0.0
18182,2021-08-29 12:00:00+00:00,0.0
18183,2021-08-30 12:00:00+00:00,0.0
18184,2021-08-31 12:00:00+00:00,0.0
18185,2021-09-01 12:00:00+00:00,0.0
18186,2021-09-02 11:00:00+00:00,0.0
18187,2021-09-03 12:00:00+00:00,0.0
18188,2021-09-04 12:00:00+00:00,0.0
18189,2021-09-05 12:00:00+00:00,0.0
18190,2021-09-06 12:00:00+00:00,0.0
18191,2021-09-07 12:00:00+00:00,0.0
18192,2021-09-08 12:00:00+00:00,0.0
18193,2021-09-09 12:00:00+00:00,0.0
18194,2021-09-10 12:00:00+00:00,0.0
18195,2021-09-11 12:00:00+00:00,0.0
18196,2021-09-12 12:00:00+00:00,0.0
18197,2021-09-13 12:00:00+00:00,0.0
18198,2021-09-14 12:00:00+00:00,0.0
18199,2021-09-15 12:00:00+00:00,0.0
18200,2021-09-16 12:00:00+00:00,0.0
18201,2021-09-17 12:00:00+00:00,0.0
18202,2021-09-18 11:00:00+00:00,0.0
18203,2021-09-19 12:00:00+00:00,0.0
18204,2021-09-20 09:00:00+00:00,0.0
18205,2021-09-21 12:00:00+00:00,0.0
18206,2021-09-22 12:00:00+00:00,0.0
18207,2021-09-23 12:00:00+00:00,0.0
18208,2021-09-24 10:00:00+00:00,0.0
18209,2021-09-25 12:00:00+00:00,0.0
18210,2021-09-26 07:00:00+00:00,0.0
18211,2021-09-27 10:00:00+00:00,0.0
18212,2021-09-28 12:00:00+00:00,0.0
18213,2021-09-29 12:00:00+00:00,0.0
18214,2021-09-30 09:00:00+00:00,0.0
18215,2021-10-01 12:00:00+00:00,0.0
18216,2021-10-02 12:00:00+00:00,0.0
18217,2021-10-03 12:00:00+00:00,0.0
18218,2021-10-04 12:00:00+00:00,0.0
18219,2021-10-05 12:00:00+00:00,0.0
18220,2021-10-06 09:00:00+00:00,0.0
18221,2021-10-07 12:00:00+00:00,0.0
18222,2021-10-08 12:00:00+00:00,0.0
18223,2021-10-09 12:00:00+00:00,0.0
18224,2021-10-10 10:00:00+00:00,0.0
18225,2021-10-11 12:00:00+00:00,0.0
18226,2021-10-12 10:00:00+00:00,0.0
18227,2021-10-13 12:00:00+00:00,0.0
18228,2021-10-14 10:00:00+00:00,0.0
18229,2021-10-15 12:00:00+00:00,0.0
18230,2021-10-16 12:00:00+00:00,0.0
18231,2021-10-17 12:00:00+00:00,0.0
18232,2021-10-18 12:00:00+00:00,0.0
18233,2021-10-19 12:00:00+00:00,0.2
18234,2021-10-20 12:00:00+00:00,1.18
18235,2021-10-21 12:00:00+00:00,1.06
18236,2021-10-22 12:00:00+00:00,1.07
18237,2021-10-23 12:00:00+00:00,1.02
18238,2021-10-24 12:00:00+00:00,0.1
18239,2021-10-25 12:00:00+00:00,1.02
18240,2021-10-26 12:00:00+00:00,2.02
18241,2021-10-27 12:00:00+00:00,1.01
18242,2021-10-28 12:00:00+00:00,0.1
18243,2021-10-29 12:00:00+00:00,0.83
18244,2021-10-30 12:00:00+00:00,0.51
18245,2021-10-31 12:00:00+00:00,0.28
18246,2021-11-01 12:00:00+00:00,0.22
18247,2021-11-02 12:00:00+00:00,0.04
18248,2021-11-03 12:00:00+00:00,0.04
18250,2021-11-05 11:00:00+00:00,0.01
18251,2021-11-06 11:00:00+00:00,0.0
18252,2021-11-07 12:00:00+00:00,0.0
18253,2021-11-08 09:00:00+00:00,0.0
18254,2021-11-09 12:00:00+00:00,0.07
18255,2021-11-10 12:00:00+00:00,0.16
18256,2021-11-11 12:00:00+00:00,0.11
18257,2021-11-12 12:00:00+00:00,0.02
18258,2021-11-13 12:00:00+00:00,0.02
18259,2021-11-14 10:00:00+00:00,0.01
18260,2021-11-15 12:00:00+00:00,0.02
18261,2021-11-16 12:00:00+00:00,0.0
18262,2021-11-17 12:00:00+00:00,0.0
18263,2021-11-18 10:00:00+00:00,0.05
18264,2021-11-19 12:00:00+00:00,0.12
18265,2021-11-20 12:00:00+00:00,0.17
18266,2021-11-21 12:00:00+00:00,0.21
18267,2021-11-22 11:00:00+00:00,0.33
18268,2021-11-23 12:00:00+00:00,0.43
18269,2021-11-24 12:00:00+00:00,0.42
18270,2021-11-25 12:00:00+00:00,0.42
18271,2021-11-26 15:00:00+00:00,0.46
18272,2021-11-27 11:00:00+00:00,0.45
18273,2021-11-28 12:00:00+00:00,0.44
18274,2021-11-29 12:00:00+00:00,0.42
18275,2021-11-30 12:00:00+00:00,0.4
18276,2021-12-01 12:00:00+00:00,0.39
18277,2021-12-02 12:00:00+00:00,0.33
18278,2021-12-03 12:00:00+00:00,0.3
18279,2021-12-04 12:00:00+00:00,0.33
18280,2021-12-05 12:00:00+00:00,0.38
18281,2021-12-06 12:00:00+00:00,0.38
18282,2021-12-07 12:00:00+00:00,0.38
18283,2021-12-08 12:00:00+00:00,0.39
18284,2021-12-09 12:00:00+00:00,0.35
18285,2021-12-10 12:00:00+00:00,0.94
18286,2021-12-11 11:00:00+00:00,0.96
18287,2021-12-12 11:00:00+00:00,0.96
18288,2021-12-13 12:00:00+00:00,0.96
18289,2021-12-14 11:00:00+00:00,1.4
18290,2021-12-15 12:00:00+00:00,3.84
18291,2021-12-16 12:00:00+00:00,3.89
18292,2021-12-17 12:00:00+00:00,4.22
18293,2021-12-18 10:00:00+00:00,4.23
18294,2021-12-19 12:00:00+00:00,4.23
18295,2021-12-20 12:00:00+00:00,4.23
18296,2021-12-21 11:00:00+00:00,4.23
18297,2021-12-22 12:00:00+00:00,4.23
18298,2021-12-23 12:00:00+00:00,5.14
18299,2021-12-24 12:00:00+00:00,9.89
18300,2021-12-25 11:00:00+00:00,11.08
18301,2021-12-26 12:00:00+00:00,12.34
18302,2021-12-27 12:00:00+00:00,12.69
18303,2021-12-28 12:00:00+00:00,14.14
18304,2021-12-29 11:00:00+00:00,14.16
18305,2021-12-30 12:00:00+00:00,15.49
18306,2021-12-31 10:00:00+00:00,15.64
18307,2022-01-01 10:00:00+00:00,15.63
18308,2022-01-02 09:00:00+00:00,15.63
18309,2022-01-03 10:00:00+00:00,15.62
18310,2022-01-04 10:00:00+00:00,15.62
18311,2022-01-05 10:00:00+00:00,15.61
18312,2022-01-06 10:00:00+00:00,15.6
18313,2022-01-07 13:00:00+00:00,15.58
18315,2022-01-09 09:00:00+00:00,15.49
18316,2022-01-10 10:00:00+00:00,15.35
18317,2022-01-11 10:00:00+00:00,15.28
18318,2022-01-12 10:00:00+00:00,15.21
18319,2022-01-13 11:00:00+00:00,15.16
18320,2022-01-14 11:00:00+00:00,15.03
18321,2022-01-15 10:00:00+00:00,14.87
18322,2022-01-16 11:00:00+00:00,14.68
18323,2022-01-17 11:00:00+00:00,14.51
18324,2022-01-18 11:00:00+00:00,14.42
18325,2022-01-19 10:00:00+00:00,14.32
18326,2022-01-20 11:00:00+00:00,14.3
18327,2022-01-21 12:00:00+00:00,14.22
18328,2022-01-22 12:00:00+00:00,14.17
18329,2022-01-23 12:00:00+00:00,14.13
18330,2022-01-24 12:00:00+00:00,14.13
18331,2022-01-25 12:00:00+00:00,14.13
18332,2022-01-26 12:00:00+00:00,14.13
18333,2022-01-27 12:00:00+00:00,14.13
18334,2022-01-28 12:00:00+00:00,14.12
18335,2022-01-29 10:00:00+00:00,14.09
18336,2022-01-30 11:00:00+00:00,14.05
18337,2022-01-31 09:00:00+00:00,13.98
18338,2022-02-01 12:00:00+00:00,13.97
18339,2022-02-02 12:00:00+00:00,13.95
18340,2022-02-03 12:00:00+00:00,13.84
18341,2022-02-04 12:00:00+00:00,13.82
18342,2022-02-05 12:00:00+00:00,13.78
18343,2022-02-06 12:00:00+00:00,13.72
18344,2022-02-07 12:00:00+00:00,13.69
18345,2022-02-08 12:00:00+00:00,13.76
18346,2022-02-09 12:00:00+00:00,13.79
18347,2022-02-10 12:00:00+00:00,13.8
18348,2022-02-11 12:00:00+00:00,13.77
18349,2022-02-12 12:00:00+00:00,13.77
18350,2022-02-13 12:00:00+00:00,13.81
18351,2022-02-14 12:00:00+00:00,13.88
18352,2022-02-15 12:00:00+00:00,13.9
18353,2022-02-16 12:00:00+00:00,14.03
18354,2022-02-17 10:00:00+00:00,14.1
18355,2022-02-18 12:00:00+00:00,14.18
18356,2022-02-19 12:00:00+00:00,14.21
18357,2022-02-20 12:00:00+00:00,14.21
18358,2022-02-21 12:00:00+00:00,14.2
18359,2022-02-22 12:00:00+00:00,14.2
18360,2022-02-23 12:00:00+00:00,14.43
18361,2022-02-24 12:00:00+00:00,14.9
18362,2022-02-25 11:00:00+00:00,15.9
18363,2022-02-26 12:00:00+00:00,16.97
18364,2022-02-27 12:00:00+00:00,17.33
18365,2022-02-28 12:00:00+00:00,17.4
18366,2022-03-01 11:00:00+00:00,17.41
18367,2022-03-02 12:00:00+00:00,17.68
18368,2022-03-03 12:00:00+00:00,17.84
18369,2022-03-04 12:00:00+00:00,18.26
18370,2022-03-05 10:00:00+00:00,18.4
18371,2022-03-06 12:00:00+00:00,18.85
18372,2022-03-07 12:00:00+00:00,18.94
18373,2022-03-08 11:00:00+00:00,19.72
18374,2022-03-09 12:00:00+00:00,20.58
18375,2022-03-10 12:00:00+00:00,20.9
18376,2022-03-11 12:00:00+00:00,20.9
18377,2022-03-12 12:00:00+00:00,21.12
18378,2022-03-13 12:00:00+00:00,21.28
18379,2022-03-14 12:00:00+00:00,21.37
18380,2022-03-15 12:00:00+00:00,20.1
18381,2022-03-16 12:00:00+00:00,20.0
18382,2022-03-17 12:00:00+00:00,20.09
18383,2022-03-18 12:00:00+00:00,20.07
18384,2022-03-19 12:00:00+00:00,19.73
18385,2022-03-20 12:00:00+00:00,19.44
18386,2022-03-21 12:00:00+00:00,19.09
18387,2022-03-22 12:00:00+00:00,18.53
18388,2022-03-23 12:00:00+00:00,17.48
18389,2022-03-24 12:00:00+00:00,16.45
18390,2022-03-25 12:00:00+00:00,15.47
18391,2022-03-26 12:00:00+00:00,14.75
18392,2022-03-27 11:00:00+00:00,14.03
18393,2022-03-28 12:00:00+00:00,13.23
18394,2022-03-29 12:00:00+00:00,13.2
18395,2022-03-30 12:00:00+00:00,13.44
18396,2022-03-31 12:00:00+00:00,13.11
18397,2022-04-01 10:00:00+00:00,12.67
18398,2022-04-02 10:00:00+00:00,11.91
18399,2022-04-03 10:00:00+00:00,11.05
18400,2022-04-04 10:00:00+00:00,10.59
18401,2022-04-05 10:00:00+00:00,9.97
18402,2022-04-06 12:00:00+00:00,8.88
18404,2022-04-08 12:00:00+00:00,6.9
18405,2022-04-09 12:00:00+00:00,5.77
18406,2022-04-10 11:00:00+00:00,4.4
18407,2022-04-11 12:00:00+00:00,3.22
18408,2022-04-12 12:00:00+00:00,3.14
18409,2022-04-13 12:00:00+00:00,1.69
18410,2022-04-14 12:00:00+00:00,2.22
18411,2022-04-15 12:00:00+00:00,1.2
18412,2022-04-16 12:00:00+00:00,0.7
18413,2022-04-17 12:00:00+00:00,0.09
18414,2022-04-18 12:00:00+00:00,0.82
18415,2022-04-19 12:00:00+00:00,0.72
18416,2022-04-20 12:00:00+00:00,0.36
18417,2022-04-21 12:00:00+00:00,0.0
18418,2022-04-22 12:00:00+00:00,1.31
18419,2022-04-23 12:00:00+00:00,1.59
18420,2022-04-24 12:00:00+00:00,1.6
18421,2022-04-25 12:00:00+00:00,1.57
18422,2022-04-26 12:00:00+00:00,1.21
18423,2022-04-27 12:00:00+00:00,0.3
18424,2022-04-28 12:00:00+00:00,0.25
18425,2022-04-29 11:00:00+00:00,0.15
18426,2022-04-30 12:00:00+00:00,0.22
18427,2022-05-01 12:00:00+00:00,0.22
18428,2022-05-02 12:00:00+00:00,0.2
18429,2022-05-03 10:00:00+00:00,0.19
18430,2022-05-04 12:00:00+00:00,0.2
18431,2022-05-05 12:00:00+00:00,0.21
18432,2022-05-06 12:00:00+00:00,0.22
18433,2022-05-07 12:00:00+00:00,0.24
18434,2022-05-08 12:00:00+00:00,0.2
18435,2022-05-09 12:00:00+00:00,0.19
18436,2022-05-10 10:00:00+00:00,0.17
18437,2022-05-11 12:00:00+00:00,0.11
18438,2022-05-12 12:00:00+00:00,0.11
18439,2022-05-13 12:00:00+00:00,0.16
18440,2022-05-14 12:00:00+00:00,0.22
18441,2022-05-15 12:00:00+00:00,0.23
18442,2022-05-16 12:00:00+00:00,0.22
18443,2022-05-17 12:00:00+00:00,0.23
18444,2022-05-18 12:00:00+00:00,0.24
18445,2022-05-19 10:00:00+00:00,0.26
18446,2022-05-20 12:00:00+00:00,0.26
18447,2022-05-21 12:00:00+00:00,0.25
18448,2022-05-22 12:00:00+00:00,0.26
18449,2022-05-23 12:00:00+00:00,0.26
18450,2022-05-24 12:00:00+00:00,0.23
18451,2022-05-25 12:00:00+00:00,0.27
18452,2022-05-26 12:00:00+00:00,0.28
18453,2022-05-27 12:00:00+00:00,0.29
18454,2022-05-28 06:00:00+00:00,0.27
18458,2022-06-01 12:00:00+00:00,0.0
18459,2022-06-02 10:00:00+00:00,0.0
18460,2022-06-03 12:00:00+00:00,0.0
18461,2022-06-04 12:00:00+00:00,0.0
18462,2022-06-05 12:00:00+00:00,0.0
18463,2022-06-06 12:00:00+00:00,0.0
18464,2022-06-07 12:00:00+00:00,0.0
18465,2022-06-08 12:00:00+00:00,0.0
18466,2022-06-09 12:00:00+00:00,0.0
18467,2022-06-10 12:00:00+00:00,0.0
18468,2022-06-11 12:00:00+00:00,0.0
18469,2022-06-12 12:00:00+00:00,0.0
18470,2022-06-13 12:00:00+00:00,0.0
18472,2022-06-15 11:00:00+00:00,0.35
18473,2022-06-16 11:00:00+00:00,0.39
18474,2022-06-17 11:00:00+00:00,0.42
18475,2022-06-18 11:00:00+00:00,0.36
18476,2022-06-19 11:00:00+00:00,0.35
18477,2022-06-20 11:00:00+00:00,0.37
18478,2022-06-21 11:00:00+00:00,0.39
18479,2022-06-22 11:00:00+00:00,0.41
18480,2022-06-23 11:00:00+00:00,0.56
18481,2022-06-24 11:00:00+00:00,0.5
18482,2022-06-25 11:00:00+00:00,0.46
18483,2022-06-26 11:00:00+00:00,0.48
18484,2022-06-27 11:00:00+00:00,0.47
18485,2022-06-28 11:00:00+00:00,0.43
18486,2022-06-29 11:00:00+00:00,0.46
18487,2022-06-30 11:00:00+00:00,0.48
18488,2022-07-01 09:00:00+00:00,0.5
18489,2022-07-02 11:00:00+00:00,0.47
18490,2022-07-03 11:00:00+00:00,0.51
18491,2022-07-04 09:00:00+00:00,0.51
18492,2022-07-05 11:00:00+00:00,0.48
18493,2022-07-06 11:00:00+00:00,0.51
18494,2022-07-07 11:00:00+00:00,0.47
18495,2022-07-08 11:00:00+00:00,0.52
18496,2022-07-09 11:00:00+00:00,0.52
18497,2022-07-10 11:00:00+00:00,0.53
18498,2022-07-11 11:00:00+00:00,0.53
18499,2022-07-12 11:00:00+00:00,0.54
18500,2022-07-13 11:00:00+00:00,0.56
18501,2022-07-14 11:00:00+00:00,0.57
18502,2022-07-15 11:00:00+00:00,0.56
18503,2022-07-16 11:00:00+00:00,0.55
18504,2022-07-17 11:00:00+00:00,0.38
18505,2022-07-18 11:00:00+00:00,0.39
18506,2022-07-19 11:00:00+00:00,0.4
18507,2022-07-20 11:00:00+00:00,0.43
18508,2022-07-21 11:00:00+00:00,0.46
18509,2022-07-22 11:00:00+00:00,0.45
18510,2022-07-23 11:00:00+00:00,0.49
18511,2022-07-24 11:00:00+00:00,0.49
18512,2022-07-25 11:00:00+00:00,0.47
18514,2022-07-27 11:00:00+00:00,0.48
18515,2022-07-28 11:00:00+00:00,0.49
18516,2022-07-29 11:00:00+00:00,0.62
18517,2022-07-30 11:00:00+00:00,0.53
18518,2022-07-31 11:00:00+00:00,0.63
18519,2022-08-01 11:00:00+00:00,0.62
18520,2022-08-02 11:00:00+00:00,0.59
18521,2022-08-03 11:00:00+00:00,0.54
18522,2022-08-04 11:00:00+00:00,0.7
18523,2022-08-05 11:00:00+00:00,0.61
18524,2022-08-06 11:00:00+00:00,0.62
18525,2022-08-07 11:00:00+00:00,0.55
18526,2022-08-08 11:00:00+00:00,0.51
18527,2022-08-09 11:00:00+00:00,0.53
18528,2022-08-10 11:00:00+00:00,0.49
18529,2022-08-11 11:00:00+00:00,0.5
18530,2022-08-12 11:00:00+00:00,0.0
18532,2022-08-14 11:00:00+00:00,0.0
18533,2022-08-15 11:00:00+00:00,0.0
18534,2022-08-16 11:00:00+00:00,0.0
18535,2022-08-17 11:00:00+00:00,0.0
18536,2022-08-18 11:00:00+00:00,0.0
18537,2022-08-19 11:00:00+00:00,0.0
18538,2022-08-20 11:00:00+00:00,0.0
18539,2022-08-21 11:00:00+00:00,0.0
18540,2022-08-22 11:00:00+00:00,0.0
18541,2022-08-23 11:00:00+00:00,0.0
18542,2022-08-24 11:00:00+00:00,0.0
18548,2022-08-30 11:00:00+00:00,0.0
18549,2022-08-31 11:00:00+00:00,0.0
18550,2022-09-01 11:00:00+00:00,0.0
18551,2022-09-02 11:00:00+00:00,0.0
18552,2022-09-03 09:00:00+00:00,0.0
18553,2022-09-04 11:00:00+00:00,0.0
18554,2022-09-05 11:00:00+00:00,0.0
18555,2022-09-06 11:00:00+00:00,0.0
18556,2022-09-07 11:00:00+00:00,0.0
18557,2022-09-08 11:00:00+00:00,0.0
18558,2022-09-09 11:00:00+00:00,0.0
18559,2022-09-10 08:00:00+00:00,0.0
18561,2022-09-12 11:00:00+00:00,0.0
18562,2022-09-13 11:00:00+00:00,0.0
18563,2022-09-14 11:00:00+00:00,0.0
18564,2022-09-15 11:00:00+00:00,0.0
18565,2022-09-16 11:00:00+00:00,0.0
18566,2022-09-17 11:00:00+00:00,0.0
18567,2022-09-18 11:00:00+00:00,0.0
18568,2022-09-19 11:00:00+00:00,0.0
18569,2022-09-20 11:00:00+00:00,0.0
18570,2022-09-21 11:00:00+00:00,0.0
18571,2022-09-22 07:00:00+00:00,0.0
18573,2022-09-24 11:00:00+00:00,0.0
18574,2022-09-25 11:00:00+00:00,0.0
18575,2022-09-26 11:00:00+00:00,0.0
18576,2022-09-27 11:00:00+00:00,0.0
18577,2022-09-28 11:00:00+00:00,0.0
18578,2022-09-29 11:00:00+00:00,0.0
18579,2022-09-30 11:00:00+00:00,0.0
18580,2022-10-01 11:00:00+00:00,0.0
18581,2022-10-02 11:00:00+00:00,0.0
18582,2022-10-03 11:00:00+00:00,0.0
18583,2022-10-04 11:00:00+00:00,0.0
18584,2022-10-05 11:00:00+00:00,0.0
18585,2022-10-06 11:00:00+00:00,0.0
18586,2022-10-07 11:00:00+00:00,0.0
18587,2022-10-08 11:00:00+00:00,0.0
18588,2022-10-09 11:00:00+00:00,0.0
18589,2022-10-10 11:00:00+00:00,0.0
18590,2022-10-11 07:00:00+00:00,0.0
18591,2022-10-12 11:00:00+00:00,0.0
18592,2022-10-13 11:00:00+00:00,0.0
18593,2022-10-14 09:00:00+00:00,0.0
18594,2022-10-15 09:00:00+00:00,0.0
18595,2022-10-16 11:00:00+00:00,0.0
18596,2022-10-17 11:00:00+00:00,0.0
18597,2022-10-18 11:00:00+00:00,0.0
18598,2022-10-19 11:00:00+00:00,0.0
18599,2022-10-20 11:00:00+00:00,0.0
18600,2022-10-21 11:00:00+00:00,0.0
18601,2022-10-22 11:00:00+00:00,0.0
18602,2022-10-23 11:00:00+00:00,0.0
18603,2022-10-24 11:00:00+00:00,0.0
18604,2022-10-25 11:00:00+00:00,0.0
18605,2022-10-26 11:00:00+00:00,0.0
18606,2022-10-27 11:00:00+00:00,0.0
18608,2022-10-29 11:00:00+00:00,0.0
18609,2022-10-30 09:00:00+00:00,0.0
18612,2022-11-02 11:00:00+00:00,0.0
18613,2022-11-03 11:00:00+00:00,0.0
18614,2022-11-04 11:00:00+00:00,0.03
18615,2022-11-05 11:00:00+00:00,0.04
18616,2022-11-06 11:00:00+00:00,0.04
18617,2022-11-07 11:00:00+00:00,0.13
18618,2022-11-08 11:00:00+00:00,0.81
18619,2022-11-09 11:00:00+00:00,3.66
18620,2022-11-10 11:00:00+00:00,3.89
18621,2022-11-11 11:00:00+00:00,3.89
18622,2022-11-12 11:00:00+00:00,3.89
18623,2022-11-13 11:00:00+00:00,3.88
18624,2022-11-14 11:00:00+00:00,3.88
18625,2022-11-15 11:00:00+00:00,3.88
18626,2022-11-16 11:00:00+00:00,3.88
18627,2022-11-17 11:00:00+00:00,3.87
18628,2022-11-18 11:00:00+00:00,3.87
18629,2022-11-19 11:00:00+00:00,3.87
18630,2022-11-20 11:00:00+00:00,3.87
18631,2022-11-21 11:00:00+00:00,3.87
18632,2022-11-22 11:00:00+00:00,4.67
18633,2022-11-23 11:00:00+00:00,4.66
18634,2022-11-24 11:00:00+00:00,4.67
18635,2022-11-25 11:00:00+00:00,4.65
18636,2022-11-26 11:00:00+00:00,4.65
18637,2022-11-27 11:00:00+00:00,4.65
18638,2022-11-28 11:00:00+00:00,4.6
18639,2022-11-29 11:00:00+00:00,4.56
18640,2022-11-30 11:00:00+00:00,4.56
18641,2022-12-01 11:00:00+00:00,4.44
18642,2022-12-02 11:00:00+00:00,5.64
18643,2022-12-03 11:00:00+00:00,6.04
18644,2022-12-04 11:00:00+00:00,6.78
18645,2022-12-05 11:00:00+00:00,7.92
18646,2022-12-06 11:00:00+00:00,7.92
18647,2022-12-07 11:00:00+00:00,8.0
18648,2022-12-08 11:00:00+00:00,8.05
18649,2022-12-09 11:00:00+00:00,8.04
18650,2022-12-10 11:00:00+00:00,8.04
18651,2022-12-11 11:00:00+00:00,8.61
18652,2022-12-12 11:00:00+00:00,10.87
18653,2022-12-13 11:00:00+00:00,11.06
18654,2022-12-14 11:00:00+00:00,11.14
18655,2022-12-15 11:00:00+00:00,11.15
18656,2022-12-16 11:00:00+00:00,11.17
18657,2022-12-17 11:00:00+00:00,11.22
18658,2022-12-18 11:00:00+00:00,11.24
18659,2022-12-19 11:00:00+00:00,11.27
18660,2022-12-20 11:00:00+00:00,11.29
18661,2022-12-21 11:00:00+00:00,11.3
18662,2022-12-22 11:00:00+00:00,11.33
18664,2022-12-24 11:00:00+00:00,11.38
18665,2022-12-25 11:00:00+00:00,11.44
18666,2022-12-26 11:00:00+00:00,11.5
18667,2022-12-27 11:00:00+00:00,11.5
18668,2022-12-28 11:00:00+00:00,13.31
18669,2022-12-29 11:00:00+00:00,13.35
18670,2022-12-30 11:00:00+00:00,13.61
18671,2022-12-31 11:00:00+00:00,13.59
18672,2023-01-01 11:00:00+00:00,15.33
18673,2023-01-02 11:00:00+00:00,15.78
18674,2023-01-03 11:00:00+00:00,16.7
18675,2023-01-04 11:00:00+00:00,16.78
18676,2023-01-05 11:00:00+00:00,17.0
18677,2023-01-06 11:00:00+00:00,19.31
18678,2023-01-07 11:00:00+00:00,19.51
18679,2023-01-08 11:00:00+00:00,19.62
18680,2023-01-09 11:00:00+00:00,20.31
18681,2023-01-10 11:00:00+00:00,26.26
18682,2023-01-11 11:00:00+00:00,28.98
18683,2023-01-12 07:00:00+00:00,29.35
18685,2023-01-14 11:00:00+00:00,29.57
18686,2023-01-15 11:00:00+00:00,32.79
18687,2023-01-16 11:00:00+00:00,33.89
18688,2023-01-17 11:00:00+00:00,35.24
18689,2023-01-18 11:00:00+00:00,35.44
18690,2023-01-19 11:00:00+00:00,35.53
18691,2023-01-20 11:00:00+00:00,35.65
18692,2023-01-21 11:00:00+00:00,35.71
18693,2023-01-22 11:00:00+00:00,35.85
18694,2023-01-23 11:00:00+00:00,35.98
18695,2023-01-24 11:00:00+00:00,36.13
18696,2023-01-25 11:00:00+00:00,36.13
18697,2023-01-26 11:00:00+00:00,36.26
18698,2023-01-27 11:00:00+00:00,36.3
18699,2023-01-28 11:00:00+00:00,36.3
18700,2023-01-29 11:00:00+00:00,36.34
18701,2023-01-30 11:00:00+00:00,36.46
18702,2023-01-31 11:00:00+00:00,36.55
18703,2023-02-01 11:00:00+00:00,36.55
18704,2023-02-02 11:00:00+00:00,36.7
18705,2023-02-03 11:00:00+00:00,36.7
18706,2023-02-04 11:00:00+00:00,36.76
18707,2023-02-05 11:00:00+00:00,37.04
18708,2023-02-06 11:00:00+00:00,37.98
18709,2023-02-07 11:00:00+00:00,38.16
18710,2023-02-08 11:00:00+00:00,38.24
18711,2023-02-09 11:00:00+00:00,38.25
18712,2023-02-10 11:00:00+00:00,38.27
18713,2023-02-11 11:00:00+00:00,38.37
18714,2023-02-12 11:00:00+00:00,38.55
18715,2023-02-13 11:00:00+00:00,38.61
18716,2023-02-14 11:00:00+00:00,38.61
18717,2023-02-15 11:00:00+00:00,38.72
18718,2023-02-16 11:00:00+00:00,38.85
18719,2023-02-17 11:00:00+00:00,38.86
18720,2023-02-18 11:00:00+00:00,39.02
18721,2023-02-19 11:00:00+00:00,39.06
18722,2023-02-20 11:00:00+00:00,39.07
18723,2023-02-21 11:00:00+00:00,39.1
18724,2023-02-22 11:00:00+00:00,39.72
18725,2023-02-23 11:00:00+00:00,40.9
18726,2023-02-24 11:00:00+00:00,41.58
18727,2023-02-25 11:00:00+00:00,43.04
18728,2023-02-26 11:00:00+00:00,44.25
18729,2023-02-27 11:00:00+00:00,44.59
18730,2023-02-28 11:00:00+00:00,46.78
18732,2023-03-02 12:00:00+00:00,49.76
18733,2023-03-03 12:00:00+00:00,50.06
18734,2023-03-04 12:00:00+00:00,50.26
18735,2023-03-05 12:00:00+00:00,50.45
18736,2023-03-06 12:00:00+00:00,51.28
18737,2023-03-07 12:00:00+00:00,51.55
18738,2023-03-08 12:00:00+00:00,51.7
18739,2023-03-09 12:00:00+00:00,51.79
18740,2023-03-10 12:00:00+00:00,53.88
18741,2023-03-11 12:00:00+00:00,57.75
18742,2023-03-12 10:00:00+00:00,57.76
18743,2023-03-13 10:00:00+00:00,58.26
18744,2023-03-14 10:00:00+00:00,58.62
18745,2023-03-15 10:00:00+00:00,60.85
18746,2023-03-16 10:00:00+00:00,62.05
18747,2023-03-17 08:00:00+00:00,62.12
18748,2023-03-18 10:00:00+00:00,62.26
18749,2023-03-19 10:00:00+00:00,62.27
18750,2023-03-20 10:00:00+00:00,63.19
18751,2023-03-21 11:00:00+00:00,63.38
18752,2023-03-22 11:00:00+00:00,64.78
18753,2023-03-23 11:00:00+00:00,65.64
18754,2023-03-24 11:00:00+00:00,66.04
18755,2023-03-25 11:00:00+00:00,66.25
18756,2023-03-26 11:00:00+00:00,66.4
18757,2023-03-27 11:00:00+00:00,66.52
18758,2023-03-28 11:00:00+00:00,66.63
18759,2023-03-29 11:00:00+00:00,66.98
18760,2023-03-30 11:00:00+00:00,67.8
18761,2023-03-31 11:00:00+00:00,68.13
18765,2023-04-04 11:00:00+00:00,68.33
18766,2023-04-05 11:00:00+00:00,68.4
18767,2023-04-06 11:00:00+00:00,68.49
18768,2023-04-07 11:00:00+00:00,68.5
18769,2023-04-08 11:00:00+00:00,68.49
18770,2023-04-09 11:00:00+00:00,68.44
18771,2023-04-10 11:00:00+00:00,67.57
18772,2023-04-11 11:00:00+00:00,65.99
18773,2023-04-12 11:00:00+00:00,65.85
18774,2023-04-13 11:00:00+00:00,65.5
18775,2023-04-14 11:00:00+00:00,65.37
18776,2023-04-15 11:00:00+00:00,65.18
18777,2023-04-16 11:00:00+00:00,65.19
18778,2023-04-17 11:00:00+00:00,64.58
18779,2023-04-18 11:00:00+00:00,64.35
18780,2023-04-19 11:00:00+00:00,64.02
18781,2023-04-20 11:00:00+00:00,63.88
18782,2023-04-21 10:00:00+00:00,62.88
18785,2023-04-24 11:00:00+00:00,57.92
18786,2023-04-25 11:00:00+00:00,56.21
18787,2023-04-26 11:00:00+00:00,55.14
18788,2023-04-27 11:00:00+00:00,54.16
18789,2023-04-28 11:00:00+00:00,53.11
18790,2023-04-29 11:00:00+00:00,51.8
18791,2023-04-30 11:00:00+00:00,50.9
18792,2023-05-01 11:00:00+00:00,50.14
18793,2023-05-02 11:00:00+00:00,49.61
18794,2023-05-03 11:00:00+00:00,49.48
18795,2023-05-04 11:00:00+00:00,49.46
18796,2023-05-05 11:00:00+00:00,49.37
18798,2023-05-07 11:00:00+00:00,49.48
18799,2023-05-08 11:00:00+00:00,48.88
18800,2023-05-09 11:00:00+00:00,48.3
18801,2023-05-10 11:00:00+00:00,48.24
18802,2023-05-11 11:00:00+00:00,47.41
18803,2023-05-12 11:00:00+00:00,46.64
18804,2023-05-13 11:00:00+00:00,45.75
18805,2023-05-14 11:00:00+00:00,44.8
18806,2023-05-15 11:00:00+00:00,44.64
18807,2023-05-16 11:00:00+00:00,43.69
18808,2023-05-17 11:00:00+00:00,43.19
18809,2023-05-18 11:00:00+00:00,42.02
18810,2023-05-19 11:00:00+00:00,40.51
18811,2023-05-20 11:00:00+00:00,39.51
18812,2023-05-21 11:00:00+00:00,38.85
18813,2023-05-22 11:00:00+00:00,37.34
18814,2023-05-23 13:00:00+00:00,36.57
18815,2023-05-24 11:00:00+00:00,35.16
18816,2023-05-25 11:00:00+00:00,33.87
18817,2023-05-26 11:00:00+00:00,32.6
18818,2023-05-27 11:00:00+00:00,31.51
18819,2023-05-28 07:00:00+00:00,29.94
18820,2023-05-29 11:00:00+00:00,28.25
18821,2023-05-30 11:00:00+00:00,26.72
18822,2023-05-31 11:00:00+00:00,25.32
18823,2023-06-01 11:00:00+00:00,24.09
18824,2023-06-02 11:00:00+00:00,22.01
18825,2023-06-03 11:00:00+00:00,19.89
18826,2023-06-04 11:00:00+00:00,17.74
18827,2023-06-05 11:00:00+00:00,15.44
18828,2023-06-06 11:00:00+00:00,13.29
18829,2023-06-07 11:00:00+00:00,11.72
18830,2023-06-08 11:00:00+00:00,11.54
18831,2023-06-09 11:00:00+00:00,10.69
18832,2023-06-10 11:00:00+00:00,8.94
18833,2023-06-11 11:00:00+00:00,7.36
18834,2023-06-12 11:00:00+00:00,6.89
18835,2023-06-13 11:00:00+00:00,6.53
18836,2023-06-14 11:00:00+00:00,5.25
18837,2023-06-15 11:00:00+00:00,3.16
18838,2023-06-16 11:00:00+00:00,0.69
18839,2023-06-17 11:00:00+00:00,0.42
18840,2023-06-18 11:00:00+00:00,0.43
18841,2023-06-19 11:00:00+00:00,0.38
18842,2023-06-20 11:00:00+00:00,0.33
18843,2023-06-21 11:00:00+00:00,0.32
18844,2023-06-22 11:00:00+00:00,0.32
18845,2023-06-23 11:00:00+00:00,0.31
18846,2023-06-24 09:00:00+00:00,0.31
18847,2023-06-25 11:00:00+00:00,0.34
18848,2023-06-26 11:00:00+00:00,0.34
18849,2023-06-27 11:00:00+00:00,0.34
18850,2023-06-28 11:00:00+00:00,0.34
18851,2023-06-29 11:00:00+00:00,0.34
18852,2023-06-30 11:00:00+00:00,0.34
18853,2023-07-01 11:00:00+00:00,0.36
18854,2023-07-02 11:00:00+00:00,0.38
18855,2023-07-03 11:00:00+00:00,0.38
18856,2023-07-04 07:00:00+00:00,0.4
18857,2023-07-05 11:00:00+00:00,0.38
18858,2023-07-06 11:00:00+00:00,0.36
18859,2023-07-07 11:00:00+00:00,0.29
18860,2023-07-08 11:00:00+00:00,0.3
18861,2023-07-09 11:00:00+00:00,0.28
18862,2023-07-10 11:00:00+00:00,0.29
18863,2023-07-11 11:00:00+00:00,0.29
18864,2023-07-12 11:00:00+00:00,0.33
18865,2023-07-13 11:00:00+00:00,0.32
18866,2023-07-14 11:00:00+00:00,0.33
18867,2023-07-15 11:00:00+00:00,0.33
18868,2023-07-16 11:00:00+00:00,0.36
18869,2023-07-17 11:00:00+00:00,0.35
18870,2023-07-18 11:00:00+00:00,0.35
18871,2023-07-19 11:00:00+00:00,0.35
18872,2023-07-20 11:00:00+00:00,0.18
18873,2023-07-21 11:00:00+00:00,0.07
18874,2023-07-22 11:00:00+00:00,0.08
18875,2023-07-23 11:00:00+00:00,0.1
18876,2023-07-24 11:00:00+00:00,0.04
18877,2023-07-25 11:00:00+00:00,0.07
18878,2023-07-26 11:00:00+00:00,0.08
18879,2023-07-27 09:00:00+00:00,0.08
18880,2023-07-28 11:00:00+00:00,0.08
18881,2023-07-29 11:00:00+00:00,0.08
18882,2023-07-30 11:00:00+00:00,0.07
18883,2023-07-31 11:00:00+00:00,0.07
18884,2023-08-01 11:00:00+00:00,0.04
18885,2023-08-02 11:00:00+00:00,0.07
18886,2023-08-03 11:00:00+00:00,0.06
18887,2023-08-04 11:00:00+00:00,0.03
18888,2023-08-05 11:00:00+00:00,0.01
18889,2023-08-06 11:00:00+00:00,0.02
18890,2023-08-07 11:00:00+00:00,0.01
18891,2023-08-08 11:00:00+00:00,0.01
18892,2023-08-09 11:00:00+00:00,0.01
18893,2023-08-10 11:00:00+00:00,0.01
18894,2023-08-11 11:00:00+00:00,0.0
18895,2023-08-12 11:00:00+00:00,0.0
18896,2023-08-13 11:00:00+00:00,0.0
18897,2023-08-14 11:00:00+00:00,0.03
18898,2023-08-15 11:00:00+00:00,0.02
18899,2023-08-16 11:00:00+00:00,0.08
18900,2023-08-17 11:00:00+00:00,0.07
18901,2023-08-18 11:00:00+00:00,0.05
18902,2023-08-19 11:00:00+00:00,0.02
18903,2023-08-20 11:00:00+00:00,0.06
18904,2023-08-21 11:00:00+00:00,0.15
18905,2023-08-22 11:00:00+00:00,0.1
18906,2023-08-23 11:00:00+00:00,0.02
18907,2023-08-24 11:00:00+00:00,0.0
18908,2023-08-25 11:00:00+00:00,0.0
18909,2023-08-26 11:00:00+00:00,0.0
18910,2023-08-27 11:00:00+00:00,0.01
18911,2023-08-28 11:00:00+00:00,0.01
18912,2023-08-29 11:00:00+00:00,0.02
18913,2023-08-30 11:00:00+00:00,0.0
18914,2023-08-31 11:00:00+00:00,0.0
18915,2023-09-01 11:00:00+00:00,0.0
18916,2023-09-02 11:00:00+00:00,0.0
18917,2023-09-03 11:00:00+00:00,0.0
18918,2023-09-04 11:00:00+00:00,0.0
18919,2023-09-05 11:00:00+00:00,0.0
18920,2023-09-06 11:00:00+00:00,0.0
18923,2023-09-09 11:00:00+00:00,0.31
18924,2023-09-10 11:00:00+00:00,0.3
18925,2023-09-11 11:00:00+00:00,0.24
18926,2023-09-12 11:00:00+00:00,0.14
18927,2023-09-13 07:00:00+00:00,0.12
18928,2023-09-14 11:00:00+00:00,0.14
18929,2023-09-15 11:00:00+00:00,0.14
18930,2023-09-16 11:00:00+00:00,0.14
18931,2023-09-17 11:00:00+00:00,0.15
18932,2023-09-18 03:00:00+00:00,0.16
18933,2023-09-19 11:00:00+00:00,0.14
18934,2023-09-20 11:00:00+00:00,0.14
18935,2023-09-21 11:00:00+00:00,0.14
18936,2023-09-22 11:00:00+00:00,0.14
18937,2023-09-23 11:00:00+00:00,0.13
18938,2023-09-24 11:00:00+00:00,0.15
18939,2023-09-25 11:00:00+00:00,0.15
18940,2023-09-26 11:00:00+00:00,0.14
18941,2023-09-27 11:00:00+00:00,0.16
18942,2023-09-28 11:00:00+00:00,0.17
18943,2023-09-29 11:00:00+00:00,0.17
